timeStamp,elapsed,label,responseCode,responseMessage,threadName,dataType,success,failureMessage,bytes,sentBytes,grpThreads,allThreads,Latency,IdleTime,Connect
1530017951257,3825,BeneficiariesRequest,200,OK,2.4 1-74,text,true,,1795,0,300,300,3825,0,0
1530017951290,3809,BeneficiariesRequest,200,OK,2.4 1-84,text,true,,966,0,300,300,3809,0,0
1530017951218,3894,BeneficiariesRequest,404,Not Found,2.4 1-56,text,false,Test failed: text expected to contain /beneficiaryType/,364,0,300,300,3894,0,0
1530017951407,3745,BeneficiariesRequest,200,OK,2.4 1-117,text,true,,1010,0,300,300,3745,0,0
1530017951101,4091,BeneficiariesRequest,200,OK,2.4 1-36,text,true,,956,0,300,300,4091,0,0
1530017951116,4082,BeneficiariesRequest,404,Not Found,2.4 1-38,text,false,Test failed: text expected to contain /beneficiaryType/,364,0,300,300,4082,0,0
1530017951425,4011,BeneficiariesRequest,404,Not Found,2.4 1-122,text,false,Test failed: text expected to contain /beneficiaryType/,364,0,300,300,4011,0,0
1530017951313,4135,BeneficiariesRequest,200,OK,2.4 1-90,text,true,,965,0,300,300,4135,0,0
1530017951059,4396,BeneficiariesRequest,200,OK,2.4 1-25,text,true,,964,0,300,300,4396,0,0
1530017950994,4479,BeneficiariesRequest,404,Not Found,2.4 1-8,text,false,Test failed: text expected to contain /beneficiaryType/,364,0,300,300,4479,0,0
1530017951060,4419,BeneficiariesRequest,200,OK,2.4 1-24,text,true,,1338,0,300,300,4419,0,0
1530017951790,3694,BeneficiariesRequest,404,Not Found,2.4 1-166,text,false,Test failed: text expected to contain /beneficiaryType/,364,0,300,300,3694,0,0
1530017951096,4480,BeneficiariesRequest,404,Not Found,2.4 1-35,text,false,Test failed: text expected to contain /beneficiaryType/,364,0,300,300,4480,0,0
1530017951539,4041,BeneficiariesRequest,200,OK,2.4 1-128,text,true,,963,0,300,300,4041,0,0
1530017951204,4378,BeneficiariesRequest,404,Not Found,2.4 1-62,text,false,Test failed: text expected to contain /beneficiaryType/,364,0,300,300,4378,0,0
1530017951071,4689,BeneficiariesRequest,200,OK,2.4 1-27,text,true,,960,0,300,300,4689,0,0
1530017951309,4586,BeneficiariesRequest,200,OK,2.4 1-87,text,true,,961,0,300,300,4586,0,0
1530017951537,4363,BeneficiariesRequest,404,Not Found,2.4 1-120,text,false,Test failed: text expected to contain /beneficiaryType/,364,0,300,300,4363,0,0
1530017951415,4490,BeneficiariesRequest,404,Not Found,2.4 1-100,text,false,Test failed: text expected to contain /beneficiaryType/,364,0,300,300,4490,0,0
1530017951599,4310,BeneficiariesRequest,200,OK,2.4 1-137,text,true,,954,0,300,300,4310,0,0
1530017951225,4755,BeneficiariesRequest,404,Not Found,2.4 1-64,text,false,Test failed: text expected to contain /beneficiaryType/,364,0,300,300,4755,0,0
1530017951787,4200,BeneficiariesRequest,404,Not Found,2.4 1-196,text,false,Test failed: text expected to contain /beneficiaryType/,364,0,300,300,4200,0,0
1530017951247,4743,BeneficiariesRequest,200,OK,2.4 1-75,text,true,,1006,0,300,300,4743,0,0
1530017951015,4981,BeneficiariesRequest,404,Not Found,2.4 1-13,text,false,Test failed: text expected to contain /beneficiaryType/,364,0,300,300,4981,0,0
1530017951036,4960,BeneficiariesRequest,404,Not Found,2.4 1-18,text,false,Test failed: text expected to contain /beneficiaryType/,331,0,300,300,4960,0,0
1530017951536,4465,BeneficiariesRequest,200,OK,2.4 1-116,text,true,,967,0,300,300,4465,0,0
1530017951220,4780,BeneficiariesRequest,200,OK,2.4 1-60,text,true,,948,0,300,300,4780,0,0
1530017950970,5034,BeneficiariesRequest,200,OK,2.4 1-1,text,true,,1689,0,300,300,5034,0,0
1530017951482,4560,BeneficiariesRequest,404,Not Found,2.4 1-119,text,false,Test failed: text expected to contain /beneficiaryType/,364,0,300,300,4560,0,0
1530017951304,4743,BeneficiariesRequest,200,OK,2.4 1-86,text,true,,986,0,300,300,4743,0,0
1530017951081,4968,BeneficiariesRequest,404,Not Found,2.4 1-30,text,false,Test failed: text expected to contain /beneficiaryType/,364,0,300,300,4968,0,0
1530017951170,4946,BeneficiariesRequest,200,OK,2.4 1-50,text,true,,921,0,300,300,4946,0,0
1530017950976,5228,BeneficiariesRequest,404,Not Found,2.4 1-3,text,false,Test failed: text expected to contain /beneficiaryType/,331,0,300,300,5228,0,0
1530017950998,5209,BeneficiariesRequest,200,OK,2.4 1-9,text,true,,932,0,300,300,5209,0,0
1530017951138,5073,BeneficiariesRequest,200,OK,2.4 1-45,text,true,,1311,0,300,300,5073,0,0
1530017951330,4884,BeneficiariesRequest,404,Not Found,2.4 1-93,text,false,Test failed: text expected to contain /beneficiaryType/,331,0,300,300,4884,0,0
1530017951018,5205,BeneficiariesRequest,404,Not Found,2.4 1-14,text,false,Test failed: text expected to contain /beneficiaryType/,331,0,300,300,5205,0,0
1530017951392,4834,BeneficiariesRequest,404,Not Found,2.4 1-94,text,false,Test failed: text expected to contain /beneficiaryType/,331,0,300,300,4834,0,0
1530017951113,5113,BeneficiariesRequest,404,Not Found,2.4 1-37,text,false,Test failed: text expected to contain /beneficiaryType/,331,0,300,300,5113,0,0
1530017951203,5027,BeneficiariesRequest,404,Not Found,2.4 1-58,text,false,Test failed: text expected to contain /beneficiaryType/,331,0,300,300,5027,0,0
1530017950980,5253,BeneficiariesRequest,404,Not Found,2.4 1-4,text,false,Test failed: text expected to contain /beneficiaryType/,331,0,300,300,5253,0,0
1530017951130,5105,BeneficiariesRequest,404,Not Found,2.4 1-43,text,false,Test failed: text expected to contain /beneficiaryType/,331,0,300,300,5105,0,0
1530017951317,4987,BeneficiariesRequest,200,OK,2.4 1-92,text,true,,948,0,300,300,4987,0,0
1530017951392,4914,BeneficiariesRequest,404,Not Found,2.4 1-111,text,false,Test failed: text expected to contain /beneficiaryType/,331,0,300,300,4914,0,0
1530017951289,5047,BeneficiariesRequest,200,OK,2.4 1-82,text,true,,1306,0,300,300,5047,0,0
1530017951062,5276,BeneficiariesRequest,200,OK,2.4 1-26,text,true,,1309,0,300,300,5276,0,0
1530017951086,5255,BeneficiariesRequest,200,OK,2.4 1-31,text,true,,983,0,300,300,5255,0,0
1530017951211,5201,BeneficiariesRequest,404,Not Found,2.4 1-65,text,false,Test failed: text expected to contain /beneficiaryType/,364,0,300,300,5201,0,0
1530017951411,5009,BeneficiariesRequest,404,Not Found,2.4 1-118,text,false,Test failed: text expected to contain /beneficiaryType/,364,0,300,300,5009,0,0
1530017951268,5154,BeneficiariesRequest,200,OK,2.4 1-80,text,true,,1382,0,300,300,5154,0,0
1530017951416,5015,BeneficiariesRequest,404,Not Found,2.4 1-106,text,false,Test failed: text expected to contain /beneficiaryType/,364,0,300,300,5015,0,0
1530017951094,5342,BeneficiariesRequest,404,Not Found,2.4 1-34,text,false,Test failed: text expected to contain /beneficiaryType/,364,0,300,300,5342,0,0
1530017951339,5100,BeneficiariesRequest,200,OK,2.4 1-99,text,true,,963,0,300,300,5100,0,0
1530017951421,5087,BeneficiariesRequest,404,Not Found,2.4 1-97,text,false,Test failed: text expected to contain /beneficiaryType/,331,0,300,300,5087,0,0
1530017951145,5369,BeneficiariesRequest,404,Not Found,2.4 1-47,text,false,Test failed: text expected to contain /beneficiaryType/,331,0,300,300,5369,0,0
1530017951080,5435,BeneficiariesRequest,200,OK,2.4 1-29,text,true,,1306,0,300,300,5435,0,0
1530017951087,5430,BeneficiariesRequest,404,Not Found,2.4 1-32,text,false,Test failed: text expected to contain /beneficiaryType/,331,0,300,300,5430,0,0
1530017951779,4742,BeneficiariesRequest,200,OK,2.4 1-151,text,true,,934,0,300,300,4742,0,0
1530017951303,5224,BeneficiariesRequest,404,Not Found,2.4 1-88,text,false,Test failed: text expected to contain /beneficiaryType/,364,0,300,300,5224,0,0
1530017951120,5410,BeneficiariesRequest,404,Not Found,2.4 1-40,text,false,Test failed: text expected to contain /beneficiaryType/,364,0,300,300,5410,0,0
1530017951608,4929,BeneficiariesRequest,404,Not Found,2.4 1-142,text,false,Test failed: text expected to contain /beneficiaryType/,364,0,300,300,4929,0,0
1530017951029,5512,BeneficiariesRequest,404,Not Found,2.4 1-17,text,false,Test failed: text expected to contain /beneficiaryType/,364,0,300,300,5512,0,0
1530017951759,4790,BeneficiariesRequest,404,Not Found,2.4 1-189,text,false,Test failed: text expected to contain /beneficiaryType/,364,0,300,300,4790,0,0
1530017951316,5261,BeneficiariesRequest,404,Not Found,2.4 1-89,text,false,Test failed: text expected to contain /beneficiaryType/,331,0,300,300,5261,0,0
1530017951605,5072,BeneficiariesRequest,404,Not Found,2.4 1-138,text,false,Test failed: text expected to contain /beneficiaryType/,364,0,300,300,5072,0,0
1530017951228,5452,BeneficiariesRequest,404,Not Found,2.4 1-67,text,false,Test failed: text expected to contain /beneficiaryType/,364,0,300,300,5452,0,0
1530017951370,5428,BeneficiariesRequest,200,OK,2.4 1-101,text,true,,959,0,300,300,5428,0,0
1530017951431,5369,BeneficiariesRequest,200,OK,2.4 1-107,text,true,,957,0,300,300,5369,0,0
1530017951635,5166,BeneficiariesRequest,404,Not Found,2.4 1-160,text,false,Test failed: text expected to contain /beneficiaryType/,364,0,300,300,5166,0,0
1530017951074,5765,BeneficiariesRequest,200,OK,2.4 1-28,text,true,,977,0,300,300,5765,0,0
1530017951126,5720,BeneficiariesRequest,404,Not Found,2.4 1-41,text,false,Test failed: text expected to contain /beneficiaryType/,364,0,300,300,5720,0,0
1530017950983,5868,BeneficiariesRequest,200,OK,2.4 1-5,text,true,,965,0,300,300,5868,0,0
1530017951420,5435,BeneficiariesRequest,404,Not Found,2.4 1-105,text,false,Test failed: text expected to contain /beneficiaryType/,364,0,300,300,5435,0,0
1530017951258,5602,BeneficiariesRequest,200,OK,2.4 1-77,text,true,,985,0,300,300,5602,0,0
1530017951753,5118,BeneficiariesRequest,200,OK,2.4 1-165,text,true,,1317,0,300,300,5118,0,0
1530017950992,5882,BeneficiariesRequest,200,OK,2.4 1-7,text,true,,922,0,300,300,5882,0,0
1530017951440,5438,BeneficiariesRequest,200,OK,2.4 1-110,text,true,,926,0,300,300,5438,0,0
1530017951737,5185,BeneficiariesRequest,404,Not Found,2.4 1-139,text,false,Test failed: text expected to contain /beneficiaryType/,331,0,300,300,5185,0,0
1530017951598,5326,BeneficiariesRequest,200,OK,2.4 1-133,text,true,,933,0,300,300,5326,0,0
1530017951189,5835,BeneficiariesRequest,404,Not Found,2.4 1-57,text,false,Test failed: text expected to contain /beneficiaryType/,364,0,300,300,5835,0,0
1530017951662,5364,BeneficiariesRequest,404,Not Found,2.4 1-168,text,false,Test failed: text expected to contain /beneficiaryType/,364,0,300,300,5364,0,0
1530017951772,5285,BeneficiariesRequest,200,OK,2.4 1-193,text,true,,926,0,300,300,5285,0,0
1530017951611,5453,BeneficiariesRequest,404,Not Found,2.4 1-146,text,false,Test failed: text expected to contain /beneficiaryType/,331,0,300,300,5453,0,0
1530017951613,5457,BeneficiariesRequest,200,OK,2.4 1-150,text,true,,969,0,300,300,5457,0,0
1530017951618,5454,BeneficiariesRequest,200,OK,2.4 1-154,text,true,,969,0,300,300,5454,0,0
1530017951433,5705,BeneficiariesRequest,200,OK,2.4 1-124,text,true,,1011,0,300,300,5705,0,0
1530017951203,5936,BeneficiariesRequest,404,Not Found,2.4 1-61,text,false,Test failed: text expected to contain /beneficiaryType/,364,0,300,300,5936,0,0
1530017951155,5986,BeneficiariesRequest,404,Not Found,2.4 1-48,text,false,Test failed: text expected to contain /beneficiaryType/,364,0,300,300,5986,0,0
1530017951698,5647,BeneficiariesRequest,404,Not Found,2.4 1-172,text,false,Test failed: text expected to contain /beneficiaryType/,331,0,300,300,5647,0,0
1530017951642,5732,BeneficiariesRequest,404,Not Found,2.4 1-161,text,false,Test failed: text expected to contain /beneficiaryType/,364,0,300,300,5732,0,0
1530017951605,5906,BeneficiariesRequest,200,OK,2.4 1-134,text,true,,1312,0,300,300,5906,0,0
1530017951460,6075,BeneficiariesRequest,404,Not Found,2.4 1-114,text,false,Test failed: text expected to contain /beneficiaryType/,331,0,300,300,6075,0,0
1530017951564,5975,BeneficiariesRequest,200,OK,2.4 1-140,text,true,,927,0,300,300,5975,0,0
1530017951584,5958,BeneficiariesRequest,200,OK,2.4 1-144,text,true,,926,0,300,300,5958,0,0
1530017951596,6047,BeneficiariesRequest,404,Not Found,2.4 1-125,text,false,Test failed: text expected to contain /beneficiaryType/,364,0,300,300,6047,0,0
1530017951197,6448,BeneficiariesRequest,404,Not Found,2.4 1-55,text,false,Test failed: text expected to contain /beneficiaryType/,364,0,300,300,6448,0,0
1530017951757,5953,BeneficiariesRequest,200,OK,2.4 1-185,text,true,,985,0,300,300,5953,0,0
1530017951609,6267,BeneficiariesRequest,404,Not Found,2.4 1-153,text,false,Test failed: text expected to contain /beneficiaryType/,364,0,300,300,6267,0,0
1530017951599,6284,BeneficiariesRequest,404,Not Found,2.4 1-149,text,false,Test failed: text expected to contain /beneficiaryType/,364,0,300,300,6284,0,0
1530017951732,6156,BeneficiariesRequest,404,Not Found,2.4 1-102,text,false,Test failed: text expected to contain /beneficiaryType/,364,0,300,300,6156,0,0
1530017952087,6034,BeneficiariesRequest,404,Not Found,2.4 1-250,text,false,Test failed: text expected to contain /beneficiaryType/,364,0,300,300,6034,0,0
1530017951896,6229,BeneficiariesRequest,200,OK,2.4 1-224,text,true,,1341,0,300,300,6229,0,0
1530017951754,6372,BeneficiariesRequest,404,Not Found,2.4 1-173,text,false,Test failed: text expected to contain /beneficiaryType/,331,0,300,300,6372,0,0
1530017951606,6525,BeneficiariesRequest,404,Not Found,2.4 1-152,text,false,Test failed: text expected to contain /beneficiaryType/,331,0,300,300,6525,0,0
1530017951927,6210,BeneficiariesRequest,404,Not Found,2.4 1-232,text,false,Test failed: text expected to contain /beneficiaryType/,364,0,300,300,6210,0,0
1530017951540,6601,BeneficiariesRequest,404,Not Found,2.4 1-127,text,false,Test failed: text expected to contain /beneficiaryType/,331,0,300,300,6601,0,0
1530017951456,6687,BeneficiariesRequest,200,OK,2.4 1-113,text,true,,921,0,300,300,6687,0,0
1530017951445,6842,BeneficiariesRequest,404,Not Found,2.4 1-103,text,false,Test failed: text expected to contain /beneficiaryType/,331,0,300,300,6842,0,0
1530017951335,6955,BeneficiariesRequest,200,OK,2.4 1-96,text,true,,1312,0,300,300,6955,0,0
1530017951267,7266,BeneficiariesRequest,404,Not Found,2.4 1-79,text,false,Test failed: text expected to contain /beneficiaryType/,331,0,300,300,7266,0,0
1530017951266,7271,BeneficiariesRequest,200,OK,2.4 1-76,text,true,,1309,0,300,300,7271,0,0
1530017951603,6988,BeneficiariesRequest,404,Not Found,2.4 1-126,text,false,Test failed: text expected to contain /beneficiaryType/,364,0,300,300,6988,0,0
1530017951599,6996,BeneficiariesRequest,200,OK,2.4 1-141,text,true,,997,0,300,300,6996,0,0
1530017951228,7396,BeneficiariesRequest,200,OK,2.4 1-68,text,true,,1445,0,300,300,7396,0,0
1530017951625,7004,BeneficiariesRequest,200,OK,2.4 1-157,text,true,,959,0,300,300,7004,0,0
1530017951465,7196,BeneficiariesRequest,404,Not Found,2.4 1-115,text,false,Test failed: text expected to contain /beneficiaryType/,331,0,300,300,7196,0,0
1530017951595,7067,BeneficiariesRequest,200,OK,2.4 1-121,text,true,,991,0,300,300,7067,0,0
1530017951604,7063,BeneficiariesRequest,404,Not Found,2.4 1-130,text,false,Test failed: text expected to contain /beneficiaryType/,331,0,300,300,7063,0,0
1530017951306,7366,BeneficiariesRequest,404,Not Found,2.4 1-85,text,false,Test failed: text expected to contain /beneficiaryType/,331,0,300,300,7366,0,0
1530017951288,7385,BeneficiariesRequest,404,Not Found,2.4 1-83,text,false,Test failed: text expected to contain /beneficiaryType/,331,0,300,300,7385,0,0
1530017951957,6948,BeneficiariesRequest,404,Not Found,2.4 1-214,text,false,Test failed: text expected to contain /beneficiaryType/,364,0,300,300,6948,0,0
1530017951738,7172,BeneficiariesRequest,200,OK,2.4 1-180,text,true,,2283,0,300,300,7172,0,0
1530017952176,6739,BeneficiariesRequest,404,Not Found,2.4 1-266,text,false,Test failed: text expected to contain /beneficiaryType/,364,0,300,300,6739,0,0
1530017951886,7033,BeneficiariesRequest,404,Not Found,2.4 1-208,text,false,Test failed: text expected to contain /beneficiaryType/,364,0,300,300,7033,0,0
1530017951404,7649,BeneficiariesRequest,404,Not Found,2.4 1-104,text,false,Test failed: text expected to contain /beneficiaryType/,331,0,300,300,7649,0,0
1530017951722,7334,BeneficiariesRequest,200,OK,2.4 1-135,text,true,,921,0,300,300,7334,0,0
1530017951770,7366,BeneficiariesRequest,404,Not Found,2.4 1-158,text,false,Test failed: text expected to contain /beneficiaryType/,364,0,300,300,7366,0,0
1530017951207,8049,BeneficiariesRequest,404,Not Found,2.4 1-63,text,false,Test failed: text expected to contain /beneficiaryType/,331,0,300,300,8049,0,0
1530017951241,8016,BeneficiariesRequest,200,OK,2.4 1-73,text,true,,947,0,300,300,8016,0,0
1530017951748,7796,BeneficiariesRequest,200,OK,2.4 1-184,text,true,,957,0,300,300,7796,0,0
1530017951022,8528,BeneficiariesRequest,404,Not Found,2.4 1-15,text,false,Test failed: text expected to contain /beneficiaryType/,364,0,300,300,8528,0,0
1530017951269,8386,BeneficiariesRequest,200,OK,2.4 1-81,text,true,,1890,0,300,300,8386,0,0
1530017951234,8478,BeneficiariesRequest,404,Not Found,2.4 1-71,text,false,Test failed: text expected to contain /beneficiaryType/,331,0,300,300,8478,0,0
1530017951715,8001,BeneficiariesRequest,404,Not Found,2.4 1-95,text,false,Test failed: text expected to contain /beneficiaryType/,331,0,300,300,8001,0,0
1530017951197,8521,BeneficiariesRequest,404,Not Found,2.4 1-51,text,false,Test failed: text expected to contain /beneficiaryType/,331,0,300,300,8521,0,0
1530017951755,8074,BeneficiariesRequest,200,OK,2.4 1-177,text,true,,967,0,300,300,8074,0,0
1530017951709,8124,BeneficiariesRequest,404,Not Found,2.4 1-131,text,false,Test failed: text expected to contain /beneficiaryType/,364,0,300,300,8124,0,0
1530017951974,7863,BeneficiariesRequest,200,OK,2.4 1-207,text,true,,1013,0,300,300,7863,0,0
1530017951027,8811,BeneficiariesRequest,404,Not Found,2.4 1-16,text,false,Test failed: text expected to contain /beneficiaryType/,331,0,300,300,8811,0,0
1530017952146,7694,BeneficiariesRequest,404,Not Found,2.4 1-262,text,false,Test failed: text expected to contain /beneficiaryType/,364,0,300,300,7694,0,0
1530017951259,8582,BeneficiariesRequest,404,Not Found,2.4 1-78,text,false,Test failed: text expected to contain /beneficiaryType/,331,0,300,300,8582,0,0
1530017952217,7626,BeneficiariesRequest,404,Not Found,2.4 1-267,text,false,Test failed: text expected to contain /beneficiaryType/,364,0,300,300,7626,0,0
1530017951053,8790,BeneficiariesRequest,404,Not Found,2.4 1-22,text,false,Test failed: text expected to contain /beneficiaryType/,331,0,300,300,8790,0,0
1530017951916,7931,BeneficiariesRequest,200,OK,2.4 1-191,text,true,,967,0,300,300,7931,0,0
1530017951886,7965,BeneficiariesRequest,200,OK,2.4 1-178,text,true,,966,0,300,300,7965,0,0
1530017951117,8987,BeneficiariesRequest,200,OK,2.4 1-39,text,true,,932,0,300,300,8987,0,0
1530017951160,8947,BeneficiariesRequest,404,Not Found,2.4 1-49,text,false,Test failed: text expected to contain /beneficiaryType/,331,0,300,300,8947,0,0
1530017951319,8794,BeneficiariesRequest,404,Not Found,2.4 1-91,text,false,Test failed: text expected to contain /beneficiaryType/,331,0,300,300,8794,0,0
1530017951218,8897,BeneficiariesRequest,404,Not Found,2.4 1-52,text,false,Test failed: text expected to contain /beneficiaryType/,331,0,300,300,8897,0,0
1530017951230,8890,BeneficiariesRequest,404,Not Found,2.4 1-70,text,false,Test failed: text expected to contain /beneficiaryType/,331,0,300,300,8890,0,0
1530017951997,8212,BeneficiariesRequest,200,OK,2.4 1-159,text,true,,966,0,300,300,8212,0,0
1530017951046,9239,BeneficiariesRequest,404,Not Found,2.4 1-20,text,false,Test failed: text expected to contain /beneficiaryType/,331,0,300,300,9239,0,0
1530017952491,8091,BeneficiariesRequest,404,Not Found,2.4 1-221,text,false,Test failed: text expected to contain /beneficiaryType/,364,0,300,300,8091,0,0
1530017951091,9506,BeneficiariesRequest,404,Not Found,2.4 1-33,text,false,Test failed: text expected to contain /beneficiaryType/,331,0,300,300,9506,0,0
1530017951198,9402,BeneficiariesRequest,404,Not Found,2.4 1-59,text,false,Test failed: text expected to contain /beneficiaryType/,331,0,300,300,9402,0,0
1530017951124,9495,BeneficiariesRequest,404,Not Found,2.4 1-42,text,false,Test failed: text expected to contain /beneficiaryType/,331,0,300,300,9495,0,0
1530017951952,8754,BeneficiariesRequest,404,Not Found,2.4 1-205,text,false,Test failed: text expected to contain /beneficiaryType/,364,0,300,300,8754,0,0
1530017951943,8767,BeneficiariesRequest,404,Not Found,2.4 1-210,text,false,Test failed: text expected to contain /beneficiaryType/,364,0,300,300,8767,0,0
1530017951057,9682,BeneficiariesRequest,404,Not Found,2.4 1-23,text,false,Test failed: text expected to contain /beneficiaryType/,331,0,300,300,9682,0,0
1530017952046,8772,BeneficiariesRequest,404,Not Found,2.4 1-227,text,false,Test failed: text expected to contain /beneficiaryType/,331,0,300,300,8772,0,0
1530017951403,9418,BeneficiariesRequest,404,Not Found,2.4 1-108,text,false,Test failed: text expected to contain /beneficiaryType/,331,0,300,300,9418,0,0
1530017951563,9268,BeneficiariesRequest,404,Not Found,2.4 1-136,text,false,Test failed: text expected to contain /beneficiaryType/,331,0,300,300,9268,0,0
1530017951139,9692,BeneficiariesRequest,404,Not Found,2.4 1-46,text,false,Test failed: text expected to contain /beneficiaryType/,331,0,300,300,9692,0,0
1530017951712,9131,BeneficiariesRequest,200,OK,2.4 1-176,text,true,,957,0,300,300,9131,0,0
1530017952014,8842,BeneficiariesRequest,404,Not Found,2.4 1-281,text,false,Test failed: text expected to contain /beneficiaryType/,364,0,300,300,8842,0,0
1530017952094,9078,BeneficiariesRequest,200,OK,2.4 1-239,text,true,,957,0,300,300,9078,0,0
1530017951944,9233,BeneficiariesRequest,404,Not Found,2.4 1-199,text,false,Test failed: text expected to contain /beneficiaryType/,364,0,300,300,9233,0,0
1530017952053,9127,BeneficiariesRequest,404,Not Found,2.4 1-245,text,false,Test failed: text expected to contain /beneficiaryType/,364,0,300,300,9127,0,0
1530017951648,9533,BeneficiariesRequest,404,Not Found,2.4 1-164,text,false,Test failed: text expected to contain /beneficiaryType/,331,0,300,300,9533,0,0
1530017951545,9639,BeneficiariesRequest,404,Not Found,2.4 1-132,text,false,Test failed: text expected to contain /beneficiaryType/,331,0,300,300,9639,0,0
1530017951599,9765,BeneficiariesRequest,200,OK,2.4 1-145,text,true,,1364,0,300,300,9765,0,0
1530017951620,9763,BeneficiariesRequest,200,OK,2.4 1-156,text,true,,924,0,300,300,9763,0,0
1530017951756,9629,BeneficiariesRequest,200,OK,2.4 1-181,text,true,,929,0,300,300,9629,0,0
1530017952814,8572,BeneficiariesRequest,200,OK,2.4 1-255,text,true,,922,0,300,300,8572,0,0
1530017952349,9046,BeneficiariesRequest,404,Not Found,2.4 1-283,text,false,Test failed: text expected to contain /beneficiaryType/,364,0,300,300,9046,0,0
1530017952256,9145,BeneficiariesRequest,200,OK,2.4 1-275,text,true,,979,0,300,300,9145,0,0
1530017952194,9361,BeneficiariesRequest,404,Not Found,2.4 1-256,text,false,Test failed: text expected to contain /beneficiaryType/,364,0,300,300,9361,0,0
1530017952181,9423,BeneficiariesRequest,404,Not Found,2.4 1-269,text,false,Test failed: text expected to contain /beneficiaryType/,364,0,300,300,9423,0,0
1530017951888,9723,BeneficiariesRequest,200,OK,2.4 1-194,text,true,,999,0,300,300,9723,0,0
1530017951878,9738,BeneficiariesRequest,404,Not Found,2.4 1-186,text,false,Test failed: text expected to contain /beneficiaryType/,364,0,300,300,9738,0,0
1530017952447,9290,BeneficiariesRequest,404,Not Found,2.4 1-297,text,false,Test failed: text expected to contain /beneficiaryType/,331,0,300,300,9290,0,0
1530017952074,9695,BeneficiariesRequest,404,Not Found,2.4 1-299,text,false,Test failed: text expected to contain /beneficiaryType/,331,0,300,300,9695,0,0
1530017952340,9433,BeneficiariesRequest,404,Not Found,2.4 1-279,text,false,Test failed: text expected to contain /beneficiaryType/,331,0,300,300,9433,0,0
1530017951800,10105,BeneficiariesRequest,404,Not Found,2.4 1-200,text,false,Test failed: text expected to contain /beneficiaryType/,331,0,300,300,10105,0,0
1530017951750,10158,BeneficiariesRequest,200,OK,2.4 1-143,text,true,,918,0,300,300,10158,0,0
1530017952382,9533,BeneficiariesRequest,200,OK,2.4 1-291,text,true,,947,0,300,300,9533,0,0
1530017952045,9996,BeneficiariesRequest,404,Not Found,2.4 1-238,text,false,Test failed: text expected to contain /beneficiaryType/,364,0,300,300,9996,0,0
1530017952359,9685,BeneficiariesRequest,404,Not Found,2.4 1-286,text,false,Test failed: text expected to contain /beneficiaryType/,364,0,300,300,9685,0,0
1530017952276,9773,BeneficiariesRequest,404,Not Found,2.4 1-278,text,false,Test failed: text expected to contain /beneficiaryType/,364,0,300,300,9773,0,0
1530017951213,10851,BeneficiariesRequest,404,Not Found,2.4 1-66,text,false,Test failed: text expected to contain /beneficiaryType/,364,0,300,300,10851,0,0
1530017951879,10192,BeneficiariesRequest,404,Not Found,2.4 1-179,text,false,Test failed: text expected to contain /beneficiaryType/,364,0,300,300,10192,0,0
1530017952182,10007,BeneficiariesRequest,404,Not Found,2.4 1-259,text,false,Test failed: text expected to contain /beneficiaryType/,364,0,300,300,10007,0,0
1530017951006,11184,BeneficiariesRequest,200,OK,2.4 1-11,text,true,,1017,0,300,300,11184,0,0
1530017951882,10314,BeneficiariesRequest,404,Not Found,2.4 1-167,text,false,Test failed: text expected to contain /beneficiaryType/,364,0,300,300,10314,0,0
1530017951758,10445,BeneficiariesRequest,200,OK,2.4 1-188,text,true,,988,0,300,300,10445,0,0
1530017958314,3893,TrackingHistoryList,200,OK,2.4 1-111,text,true,,2321,0,300,300,3893,0,0
1530017952115,10204,BeneficiariesRequest,404,Not Found,2.4 1-254,text,false,Test failed: text expected to contain /beneficiaryType/,331,0,300,300,10204,0,0
1530017952073,10249,BeneficiariesRequest,404,Not Found,2.4 1-246,text,false,Test failed: text expected to contain /beneficiaryType/,331,0,300,300,10249,0,0
1530017952358,10040,BeneficiariesRequest,200,OK,2.4 1-282,text,true,,930,0,300,300,10040,0,0
1530017952148,10280,BeneficiariesRequest,200,OK,2.4 1-244,text,true,,954,0,300,300,10280,0,0
1530017952035,10411,BeneficiariesRequest,200,OK,2.4 1-234,text,true,,953,0,300,300,10411,0,0
1530017952263,10185,BeneficiariesRequest,200,OK,2.4 1-276,text,true,,919,0,300,300,10185,0,0
1530017951942,10676,BeneficiariesRequest,404,Not Found,2.4 1-174,text,false,Test failed: text expected to contain /beneficiaryType/,364,0,300,300,10676,0,0
1530017957985,4636,TrackingHistoryList,404,Not Found,2.4 1-18,text,false,Test failed: text expected to contain /enquiryId/,364,0,300,300,4636,0,0
1530017958048,4578,TrackingHistoryList,200,OK,2.4 1-119,text,true,,2744,0,300,300,4578,0,0
1530017951902,10743,BeneficiariesRequest,200,OK,2.4 1-187,text,true,,1348,0,300,300,10743,0,0
1530017952402,10266,BeneficiariesRequest,404,Not Found,2.4 1-284,text,false,Test failed: text expected to contain /beneficiaryType/,331,0,300,300,10266,0,0
1530017952415,10380,BeneficiariesRequest,404,Not Found,2.4 1-296,text,false,Test failed: text expected to contain /beneficiaryType/,331,0,300,300,10380,0,0
1530017957579,5254,TrackingHistoryList,200,OK,2.4 1-35,text,true,,4197,0,300,300,5254,0,0
1530017952222,10638,BeneficiariesRequest,404,Not Found,2.4 1-260,text,false,Test failed: text expected to contain /beneficiaryType/,331,0,300,300,10638,0,0
1530017952417,10466,BeneficiariesRequest,404,Not Found,2.4 1-288,text,false,Test failed: text expected to contain /beneficiaryType/,331,0,300,300,10466,0,0
1530017952006,10885,BeneficiariesRequest,404,Not Found,2.4 1-233,text,false,Test failed: text expected to contain /beneficiaryType/,364,0,300,300,10885,0,0
1530017957579,5312,TrackingHistoryList,200,OK,2.4 1-128,text,true,,1100,0,300,300,5312,0,0
1530017951889,11006,BeneficiariesRequest,200,OK,2.4 1-209,text,true,,960,0,300,300,11006,0,0
1530017951914,10984,BeneficiariesRequest,200,OK,2.4 1-202,text,true,,1010,0,300,300,10984,0,0
1530017952034,10867,BeneficiariesRequest,404,Not Found,2.4 1-230,text,false,Test failed: text expected to contain /beneficiaryType/,364,0,300,300,10867,0,0
1530017951042,12132,BeneficiariesRequest,200,OK,2.4 1-21,text,true,,1780,0,300,300,12132,0,0
1530017951803,11374,BeneficiariesRequest,200,OK,2.4 1-170,text,true,,1445,0,300,300,11374,0,0
1530017952137,11041,BeneficiariesRequest,200,OK,2.4 1-280,text,true,,1743,0,300,300,11041,0,0
1530017952181,10999,BeneficiariesRequest,404,Not Found,2.4 1-265,text,false,Test failed: text expected to contain /beneficiaryType/,364,0,300,300,10999,0,0
1530017957579,5602,TrackingHistoryList,200,OK,2.4 1-62,text,true,,1078,0,300,300,5602,0,0
1530017957486,5698,TrackingHistoryList,200,OK,2.4 1-166,text,true,,1101,0,300,300,5698,0,0
1530017957986,5202,TrackingHistoryList,404,Not Found,2.4 1-64,text,false,Test failed: text expected to contain /enquiryId/,364,0,300,300,5202,0,0
1530017958047,5145,TrackingHistoryList,200,OK,2.4 1-86,text,true,,1637,0,300,300,5145,0,0
1530017951879,11424,BeneficiariesRequest,200,OK,2.4 1-220,text,true,,923,0,300,300,11424,0,0
1530017952059,11246,BeneficiariesRequest,404,Not Found,2.4 1-295,text,false,Test failed: text expected to contain /beneficiaryType/,331,0,300,300,11246,0,0
1530017951880,11504,BeneficiariesRequest,200,OK,2.4 1-213,text,true,,1774,0,300,300,11504,0,0
1530017957204,6374,TrackingHistoryList,200,OK,2.4 1-36,text,true,,3720,0,300,300,6374,0,0
1530017958001,5827,TrackingHistoryList,200,OK,2.4 1-116,text,true,,18583,0,300,300,5823,0,0
1530017952149,11697,BeneficiariesRequest,404,Not Found,2.4 1-248,text,false,Test failed: text expected to contain /beneficiaryType/,364,0,300,300,11697,0,0
1530017952237,11614,BeneficiariesRequest,200,OK,2.4 1-274,text,true,,988,0,300,300,11614,0,0
1530017951993,11860,BeneficiariesRequest,200,OK,2.4 1-211,text,true,,960,0,300,300,11860,0,0
1530017952237,11620,BeneficiariesRequest,404,Not Found,2.4 1-273,text,false,Test failed: text expected to contain /beneficiaryType/,364,0,300,300,11620,0,0
1530017957204,6765,TrackingHistoryList,200,OK,2.4 1-38,text,true,,4731,0,300,300,6765,0,0
1530017952143,11864,BeneficiariesRequest,200,OK,2.4 1-261,text,true,,979,0,300,300,11864,0,0
1530017952354,11840,BeneficiariesRequest,404,Not Found,2.4 1-272,text,false,Test failed: text expected to contain /beneficiaryType/,364,0,300,300,11840,0,0
1530017952262,11934,BeneficiariesRequest,200,OK,2.4 1-109,text,true,,1881,0,300,300,11934,0,0
1530017952043,12159,BeneficiariesRequest,200,OK,2.4 1-123,text,true,,1381,0,300,300,12159,0,0
1530017952365,11844,BeneficiariesRequest,200,OK,2.4 1-287,text,true,,984,0,300,300,11844,0,0
1530017952564,11648,BeneficiariesRequest,404,Not Found,2.4 1-285,text,false,Test failed: text expected to contain /beneficiaryType/,364,0,300,300,11648,0,0
1530017958220,6190,TrackingHistoryList,200,OK,2.4 1-9,text,true,,3886,0,300,300,6190,0,0
1530017957985,6429,TrackingHistoryList,200,OK,2.4 1-196,text,true,,1048,0,300,300,6429,0,0
1530017957157,7259,TrackingHistoryList,404,Not Found,2.4 1-117,text,false,Test failed: text expected to contain /enquiryId/,364,0,300,300,7259,0,0
1530017958221,6200,TrackingHistoryList,200,OK,2.4 1-94,text,true,,1016,0,300,300,6200,0,0
1530017958220,6344,TrackingHistoryList,200,OK,2.4 1-3,text,true,,1715,0,300,300,6344,0,0
1530017952385,12242,BeneficiariesRequest,200,OK,2.4 1-292,text,true,,959,0,300,300,12242,0,0
1530017952371,12257,BeneficiariesRequest,404,Not Found,2.4 1-290,text,false,Test failed: text expected to contain /beneficiaryType/,364,0,300,300,12257,0,0
1530017952017,12614,BeneficiariesRequest,404,Not Found,2.4 1-219,text,false,Test failed: text expected to contain /beneficiaryType/,364,0,300,300,12614,0,0
1530017952216,12418,BeneficiariesRequest,404,Not Found,2.4 1-263,text,false,Test failed: text expected to contain /beneficiaryType/,364,0,300,300,12418,0,0
1530017958875,5957,TrackingHistoryList,404,Not Found,2.4 1-7,text,false,Test failed: text expected to contain /enquiryId/,361,0,300,300,5957,0,0
1530017957907,6938,TrackingHistoryList,200,OK,2.4 1-137,text,true,,13138,0,300,300,6936,0,0
1530017959032,5816,TrackingHistoryList,404,Not Found,2.4 1-57,text,false,Test failed: text expected to contain /enquiryId/,364,0,300,300,5816,0,0
1530017952618,12250,BeneficiariesRequest,200,OK,2.4 1-298,text,true,,1696,0,300,300,12250,0,0
1530017952093,12778,BeneficiariesRequest,404,Not Found,2.4 1-235,text,false,Test failed: text expected to contain /beneficiaryType/,331,0,300,300,12778,0,0
1530017952269,12605,BeneficiariesRequest,200,OK,2.4 1-277,text,true,,933,0,300,300,12605,0,0
1530017952146,12731,BeneficiariesRequest,200,OK,2.4 1-240,text,true,,960,0,300,300,12731,0,0
1530017952058,12970,BeneficiariesRequest,200,OK,2.4 1-242,text,true,,961,0,300,300,12970,0,0
1530017952119,12911,BeneficiariesRequest,404,Not Found,2.4 1-243,text,false,Test failed: text expected to contain /beneficiaryType/,364,0,300,300,12911,0,0
1530017951804,13232,BeneficiariesRequest,404,Not Found,2.4 1-201,text,false,Test failed: text expected to contain /beneficiaryType/,364,0,300,300,13232,0,0
1530017952129,12908,BeneficiariesRequest,200,OK,2.4 1-258,text,true,,968,0,300,300,12908,0,0
1530017951880,13252,BeneficiariesRequest,200,OK,2.4 1-175,text,true,,926,0,300,300,13252,0,0
1530017958876,6360,TrackingHistoryList,200,OK,2.4 1-165,text,true,,4201,0,300,300,6360,0,0
1530017960282,4955,TrackingHistoryList,404,Not Found,2.4 1-96,text,false,Test failed: text expected to contain /enquiryId/,364,0,300,300,4955,0,0
1530017952208,13065,BeneficiariesRequest,404,Not Found,2.4 1-270,text,false,Test failed: text expected to contain /beneficiaryType/,331,0,300,300,13065,0,0
1530017951941,13546,BeneficiariesRequest,404,Not Found,2.4 1-206,text,false,Test failed: text expected to contain /beneficiaryType/,331,0,300,300,13546,0,0
1530017952127,13380,BeneficiariesRequest,404,Not Found,2.4 1-257,text,false,Test failed: text expected to contain /beneficiaryType/,331,0,300,300,13380,0,0
1530017958876,6649,TrackingHistoryList,200,OK,2.4 1-77,text,true,,18564,0,300,300,6646,0,0
1530017952144,13565,BeneficiariesRequest,404,Not Found,2.4 1-251,text,false,Test failed: text expected to contain /beneficiaryType/,331,0,300,300,13565,0,0
1530017959704,6037,TrackingHistoryList,200,OK,2.4 1-185,text,true,,6625,0,300,300,6037,0,0
1530017960141,5639,TrackingHistoryList,200,OK,2.4 1-127,text,true,,1037,0,300,300,5639,0,0
1530017959876,5910,TrackingHistoryList,404,Not Found,2.4 1-149,text,false,Test failed: text expected to contain /enquiryId/,364,0,300,300,5910,0,0
1530017952111,13797,BeneficiariesRequest,404,Not Found,2.4 1-253,text,false,Test failed: text expected to contain /beneficiaryType/,331,0,300,300,13797,0,0
1530017952037,13873,BeneficiariesRequest,404,Not Found,2.4 1-241,text,false,Test failed: text expected to contain /beneficiaryType/,331,0,300,300,13873,0,0
1530017951985,13936,BeneficiariesRequest,200,OK,2.4 1-222,text,true,,1307,0,300,300,13936,0,0
1530017952838,13084,BeneficiariesRequest,404,Not Found,2.4 1-271,text,false,Test failed: text expected to contain /beneficiaryType/,331,0,300,300,13084,0,0
1530017951972,13955,BeneficiariesRequest,200,OK,2.4 1-229,text,true,,920,0,300,300,13955,0,0
1530017952568,13360,BeneficiariesRequest,200,OK,2.4 1-289,text,true,,1308,0,300,300,13360,0,0
1530017952223,13708,BeneficiariesRequest,404,Not Found,2.4 1-264,text,false,Test failed: text expected to contain /beneficiaryType/,364,0,300,300,13708,0,0
1530017951880,14054,BeneficiariesRequest,200,OK,2.4 1-216,text,true,,1461,0,300,300,14054,0,0
1530017952876,13062,BeneficiariesRequest,404,Not Found,2.4 1-294,text,false,Test failed: text expected to contain /beneficiaryType/,364,0,300,300,13062,0,0
1530017958532,7469,TrackingHistoryList,404,Not Found,2.4 1-29,text,false,Test failed: text expected to contain /enquiryId/,364,0,300,300,7469,0,0
1530017951243,14883,BeneficiariesRequest,200,OK,2.4 1-72,text,true,,1342,0,300,300,14883,0,0
1530017958235,7904,TrackingHistoryList,200,OK,2.4 1-4,text,true,,1676,0,300,300,7904,0,0
1530017951912,14229,BeneficiariesRequest,200,OK,2.4 1-228,text,true,,924,0,300,300,14229,0,0
1530017951002,15142,BeneficiariesRequest,200,OK,2.4 1-10,text,true,,959,0,300,300,15142,0,0
1530017951225,14922,BeneficiariesRequest,404,Not Found,2.4 1-69,text,false,Test failed: text expected to contain /beneficiaryType/,364,0,300,300,14922,0,0
1530017950986,15164,BeneficiariesRequest,200,OK,2.4 1-6,text,true,,1344,0,300,300,15164,0,0
1530017951130,15022,BeneficiariesRequest,200,OK,2.4 1-44,text,true,,1425,0,300,300,15022,0,0
1530017952081,14075,BeneficiariesRequest,200,OK,2.4 1-249,text,true,,1007,0,300,300,14075,0,0
1530017950974,15336,BeneficiariesRequest,404,Not Found,2.4 1-2,text,false,Test failed: text expected to contain /beneficiaryType/,364,0,300,300,15336,0,0
1530017960594,5718,TrackingHistoryList,200,OK,2.4 1-141,text,true,,2362,0,300,300,5718,0,0
1530017962280,4037,TrackingHistoryList,200,OK,2.4 1-20,text,true,,2328,0,300,300,4037,0,0
1530017958533,7811,TrackingHistoryList,404,Not Found,2.4 1-88,text,false,Test failed: text expected to contain /enquiryId/,331,0,300,300,7811,0,0
1530017952005,14374,BeneficiariesRequest,200,OK,2.4 1-226,text,true,,1327,0,300,300,14374,0,0
1530017951774,14608,BeneficiariesRequest,404,Not Found,2.4 1-162,text,false,Test failed: text expected to contain /beneficiaryType/,331,0,300,300,14608,0,0
1530017951970,14413,BeneficiariesRequest,200,OK,2.4 1-218,text,true,,926,0,300,300,14413,0,0
1530017951167,15218,BeneficiariesRequest,404,Not Found,2.4 1-53,text,false,Test failed: text expected to contain /beneficiaryType/,364,0,300,300,15218,0,0
1530017951392,15000,BeneficiariesRequest,200,OK,2.4 1-98,text,true,,1027,0,300,300,15000,0,0
1530017951009,15384,BeneficiariesRequest,404,Not Found,2.4 1-12,text,false,Test failed: text expected to contain /beneficiaryType/,331,0,300,300,15384,0,0
1530017959533,6878,TrackingHistoryList,404,Not Found,2.4 1-144,text,false,Test failed: text expected to contain /enquiryId/,331,0,300,300,6878,0,0
1530017958845,7569,TrackingHistoryList,404,Not Found,2.4 1-105,text,false,Test failed: text expected to contain /enquiryId/,331,0,300,300,7569,0,0
1530017952141,14274,BeneficiariesRequest,200,OK,2.4 1-236,text,true,,924,0,300,300,14274,0,0
1530017951913,14628,BeneficiariesRequest,200,OK,2.4 1-198,text,true,,925,0,300,300,14628,0,0
1530017958235,8451,TrackingHistoryList,404,Not Found,2.4 1-43,text,false,Test failed: text expected to contain /enquiryId/,331,0,300,300,8451,0,0
1530017958500,8291,TrackingHistoryList,404,Not Found,2.4 1-97,text,false,Test failed: text expected to contain /enquiryId/,331,0,300,300,8291,0,0
1530017958922,7873,TrackingHistoryList,404,Not Found,2.4 1-139,text,false,Test failed: text expected to contain /enquiryId/,331,0,300,300,7873,0,0
1530017958532,8263,TrackingHistoryList,200,OK,2.4 1-151,text,true,,1090,0,300,300,8263,0,0
1530017952135,14828,BeneficiariesRequest,200,OK,2.4 1-247,text,true,,977,0,300,300,14828,0,0
1530017951932,15034,BeneficiariesRequest,404,Not Found,2.4 1-195,text,false,Test failed: text expected to contain /beneficiaryType/,331,0,300,300,15034,0,0
1530017952000,14987,BeneficiariesRequest,404,Not Found,2.4 1-215,text,false,Test failed: text expected to contain /beneficiaryType/,331,0,300,300,14987,0,0
1530017962217,4818,TrackingHistoryList,200,OK,2.4 1-159,text,true,,3818,0,300,300,4818,0,0
1530017961844,5194,TrackingHistoryList,200,OK,2.4 1-78,text,true,,5834,0,300,300,5194,0,0
1530017963389,3651,TrackingHistoryList,200,OK,2.4 1-255,text,true,,1636,0,300,300,3651,0,0
1530017960908,6139,TrackingHistoryList,404,Not Found,2.4 1-266,text,false,Test failed: text expected to contain /enquiryId/,364,0,300,300,6139,0,0
1530017960141,6916,TrackingHistoryList,200,OK,2.4 1-113,text,true,,1712,0,300,300,6916,0,0
1530017962124,4932,TrackingHistoryList,404,Not Found,2.4 1-52,text,false,Test failed: text expected to contain /enquiryId/,364,0,300,300,4932,0,0
1530017958438,8852,TrackingHistoryList,404,Not Found,2.4 1-99,text,false,Test failed: text expected to contain /enquiryId/,364,0,300,300,8852,0,0
1530017959126,8169,TrackingHistoryList,200,OK,2.4 1-124,text,true,,2230,0,300,300,8169,0,0
1530017958501,8796,TrackingHistoryList,404,Not Found,2.4 1-47,text,false,Test failed: text expected to contain /enquiryId/,364,0,300,300,8796,0,0
1530017951597,15701,BeneficiariesRequest,404,Not Found,2.4 1-129,text,false,Test failed: text expected to contain /beneficiaryType/,364,0,300,300,15701,0,0
1530017958222,9085,TrackingHistoryList,200,OK,2.4 1-37,text,true,,1006,0,300,300,9085,0,0
1530017958219,9092,TrackingHistoryList,200,OK,2.4 1-93,text,true,,996,0,300,300,9092,0,0
1530017951879,15434,BeneficiariesRequest,404,Not Found,2.4 1-190,text,false,Test failed: text expected to contain /beneficiaryType/,331,0,300,300,15434,0,0
1530017958221,9094,TrackingHistoryList,200,OK,2.4 1-14,text,true,,1081,0,300,300,9094,0,0
1530017958533,8787,TrackingHistoryList,200,OK,2.4 1-40,text,true,,1052,0,300,300,8787,0,0
1530017958564,8758,TrackingHistoryList,200,OK,2.4 1-189,text,true,,2174,0,300,300,8758,0,0
1530017961844,5480,TrackingHistoryList,200,OK,2.4 1-262,text,true,,1017,0,300,300,5480,0,0
1530017958798,8551,TrackingHistoryList,404,Not Found,2.4 1-160,text,false,Test failed: text expected to contain /enquiryId/,331,0,300,300,8551,0,0
1530017957987,9365,TrackingHistoryList,200,OK,2.4 1-13,text,true,,1037,0,300,300,9365,0,0
1530017958222,9134,TrackingHistoryList,404,Not Found,2.4 1-58,text,false,Test failed: text expected to contain /enquiryId/,331,0,300,300,9134,0,0
1530017951902,15460,BeneficiariesRequest,200,OK,2.4 1-225,text,true,,978,0,300,300,15460,0,0
1530017958423,8976,TrackingHistoryList,200,OK,2.4 1-80,text,true,,2905,0,300,300,8976,0,0
1530017962108,5411,TrackingHistoryList,404,Not Found,2.4 1-49,text,false,Test failed: text expected to contain /enquiryId/,364,0,300,300,5411,0,0
1530017951883,15644,BeneficiariesRequest,404,Not Found,2.4 1-182,text,false,Test failed: text expected to contain /beneficiaryType/,331,0,300,300,15644,0,0
1530017951898,15632,BeneficiariesRequest,200,OK,2.4 1-252,text,true,,921,0,300,300,15632,0,0
1530017958534,9010,TrackingHistoryList,404,Not Found,2.4 1-142,text,false,Test failed: text expected to contain /enquiryId/,364,0,300,300,9010,0,0
1530017958876,8671,TrackingHistoryList,404,Not Found,2.4 1-110,text,false,Test failed: text expected to contain /enquiryId/,364,0,300,300,8671,0,0
1530017959657,7894,TrackingHistoryList,404,Not Found,2.4 1-125,text,false,Test failed: text expected to contain /enquiryId/,364,0,300,300,7894,0,0
1530017957751,9809,TrackingHistoryList,200,OK,2.4 1-27,text,true,,4063,0,300,300,9809,0,0
1530017958001,9561,TrackingHistoryList,200,OK,2.4 1-1,text,true,,4653,0,300,300,9561,0,0
1530017958330,9235,TrackingHistoryList,200,OK,2.4 1-31,text,true,,3327,0,300,300,9235,0,0
1530017951881,15828,BeneficiariesRequest,404,Not Found,2.4 1-212,text,false,Test failed: text expected to contain /beneficiaryType/,331,0,300,300,15828,0,0
1530017951917,15796,BeneficiariesRequest,404,Not Found,2.4 1-163,text,false,Test failed: text expected to contain /beneficiaryType/,331,0,300,300,15796,0,0
1530017960125,7591,TrackingHistoryList,404,Not Found,2.4 1-232,text,false,Test failed: text expected to contain /enquiryId/,331,0,300,300,7591,0,0
1530017958220,9504,TrackingHistoryList,200,OK,2.4 1-45,text,true,,1783,0,300,300,9504,0,0
1530017958532,9256,TrackingHistoryList,404,Not Found,2.4 1-17,text,false,Test failed: text expected to contain /enquiryId/,364,0,300,300,9256,0,0
1530017951959,15891,BeneficiariesRequest,200,OK,2.4 1-203,text,true,,921,0,300,300,15891,0,0
1530017951789,16073,BeneficiariesRequest,404,Not Found,2.4 1-197,text,false,Test failed: text expected to contain /beneficiaryType/,331,0,300,300,16073,0,0
1530017958532,9438,TrackingHistoryList,200,OK,2.4 1-32,text,true,,7915,0,300,300,9438,0,0
1530017958329,9647,TrackingHistoryList,200,OK,2.4 1-26,text,true,,7588,0,300,300,9647,0,0
1530017951056,16947,BeneficiariesRequest,404,Not Found,2.4 1-19,text,false,Test failed: text expected to contain /beneficiaryType/,364,0,300,300,16947,0,0
1530017959081,8927,TrackingHistoryList,200,OK,2.4 1-154,text,true,,1864,0,300,300,8927,0,0
1530017957485,10526,TrackingHistoryList,200,OK,2.4 1-24,text,true,,1739,0,300,300,10526,0,0
1530017957438,10576,TrackingHistoryList,404,Not Found,2.4 1-90,text,false,Test failed: text expected to contain /enquiryId/,364,0,300,300,10576,0,0
1530017951881,16181,BeneficiariesRequest,200,OK,2.4 1-171,text,true,,933,0,300,300,16181,0,0
1530017952094,15970,BeneficiariesRequest,404,Not Found,2.4 1-300,text,false,Test failed: text expected to contain /beneficiaryType/,331,0,300,300,15970,0,0
1530017962624,5498,TrackingHistoryList,200,OK,2.4 1-42,text,true,,1635,0,300,300,5498,0,0
1530017951957,16248,BeneficiariesRequest,404,Not Found,2.4 1-204,text,false,Test failed: text expected to contain /beneficiaryType/,331,0,300,300,16248,0,0
1530017961063,7143,TrackingHistoryList,200,OK,2.4 1-104,text,true,,1000,0,300,300,7143,0,0
1530017960626,7586,TrackingHistoryList,200,OK,2.4 1-68,text,true,,1750,0,300,300,7586,0,0
1530017959376,9062,TrackingHistoryList,404,Not Found,2.4 1-161,text,false,Test failed: text expected to contain /enquiryId/,331,0,300,300,9062,0,0
1530017958579,9861,TrackingHistoryList,200,OK,2.4 1-89,text,true,,968,0,300,300,9861,0,0
1530017958110,10331,TrackingHistoryList,200,OK,2.4 1-50,text,true,,5839,0,300,300,10331,0,0
1530017961064,7381,TrackingHistoryList,404,Not Found,2.4 1-135,text,false,Test failed: text expected to contain /enquiryId/,331,0,300,300,7381,0,0
1530017960126,8321,TrackingHistoryList,404,Not Found,2.4 1-173,text,false,Test failed: text expected to contain /enquiryId/,331,0,300,300,8321,0,0
1530017960110,8339,TrackingHistoryList,404,Not Found,2.4 1-250,text,false,Test failed: text expected to contain /enquiryId/,331,0,300,300,8339,0,0
1530017957486,11035,TrackingHistoryList,404,Not Found,2.4 1-8,text,false,Test failed: text expected to contain /enquiryId/,364,0,300,300,11035,0,0
1530017962702,5844,TrackingHistoryList,404,Not Found,2.4 1-210,text,false,Test failed: text expected to contain /enquiryId/,364,0,300,300,5844,0,0
1530017963389,5160,TrackingHistoryList,404,Not Found,2.4 1-181,text,false,Test failed: text expected to contain /enquiryId/,364,0,300,300,5160,0,0
1530017963174,5379,TrackingHistoryList,404,Not Found,2.4 1-239,text,false,Test failed: text expected to contain /enquiryId/,364,0,300,300,5379,0,0
1530017962702,5855,TrackingHistoryList,404,Not Found,2.4 1-205,text,false,Test failed: text expected to contain /enquiryId/,364,0,300,300,5855,0,0
1530017963174,5386,TrackingHistoryList,404,Not Found,2.4 1-199,text,false,Test failed: text expected to contain /enquiryId/,364,0,300,300,5386,0,0
1530017961126,7471,TrackingHistoryList,200,OK,2.4 1-158,text,true,,3457,0,300,300,7471,0,0
1530017959657,8981,TrackingHistoryList,404,Not Found,2.4 1-55,text,false,Test failed: text expected to contain /enquiryId/,331,0,300,300,8981,0,0
1530017959080,9562,TrackingHistoryList,200,OK,2.4 1-146,text,true,,1063,0,300,300,9562,0,0
1530017958922,9945,TrackingHistoryList,404,Not Found,2.4 1-133,text,false,Test failed: text expected to contain /enquiryId/,364,0,300,300,9945,0,0
1530017959141,9728,TrackingHistoryList,404,Not Found,2.4 1-61,text,false,Test failed: text expected to contain /enquiryId/,364,0,300,300,9728,0,0
1530017958829,10041,TrackingHistoryList,200,OK,2.4 1-28,text,true,,12233,0,300,300,10039,0,0
1530017963905,5060,TrackingHistoryList,200,OK,2.4 1-143,text,true,,1918,0,300,300,5060,0,0
1530017962842,6129,TrackingHistoryList,200,OK,2.4 1-136,text,true,,1040,0,300,300,6129,0,0
1530017951791,17191,BeneficiariesRequest,404,Not Found,2.4 1-155,text,false,Test failed: text expected to contain /beneficiaryType/,331,0,300,300,17191,0,0
1530017952176,16810,BeneficiariesRequest,200,OK,2.4 1-293,text,true,,933,0,300,300,16810,0,0
1530017952060,16931,BeneficiariesRequest,404,Not Found,2.4 1-231,text,false,Test failed: text expected to contain /beneficiaryType/,331,0,300,300,16931,0,0
1530017952150,16845,BeneficiariesRequest,404,Not Found,2.4 1-148,text,false,Test failed: text expected to contain /beneficiaryType/,331,0,300,300,16845,0,0
1530017951887,17108,BeneficiariesRequest,404,Not Found,2.4 1-183,text,false,Test failed: text expected to contain /beneficiaryType/,331,0,300,300,17108,0,0
1530017951953,17045,BeneficiariesRequest,200,OK,2.4 1-268,text,true,,927,0,300,300,17045,0,0
1530017951879,17122,BeneficiariesRequest,404,Not Found,2.4 1-217,text,false,Test failed: text expected to contain /beneficiaryType/,331,0,300,300,17122,0,0
1530017961251,7770,TrackingHistoryList,404,Not Found,2.4 1-63,text,false,Test failed: text expected to contain /enquiryId/,364,0,300,300,7770,0,0
1530017958798,10227,TrackingHistoryList,404,Not Found,2.4 1-107,text,false,Test failed: text expected to contain /enquiryId/,364,0,300,300,10227,0,0
1530017961847,7187,TrackingHistoryList,404,Not Found,2.4 1-267,text,false,Test failed: text expected to contain /enquiryId/,364,0,300,300,7187,0,0
1530017957422,11680,TrackingHistoryList,404,Not Found,2.4 1-122,text,false,Test failed: text expected to contain /enquiryId/,364,0,300,300,11680,0,0
1530017959876,9355,TrackingHistoryList,404,Not Found,2.4 1-153,text,false,Test failed: text expected to contain /enquiryId/,331,0,300,300,9355,0,0
1530017961845,7401,TrackingHistoryList,200,OK,2.4 1-22,text,true,,1047,0,300,300,7401,0,0
1530017961718,7532,TrackingHistoryList,404,Not Found,2.4 1-95,text,false,Test failed: text expected to contain /enquiryId/,331,0,300,300,7532,0,0
1530017959080,10174,TrackingHistoryList,200,OK,2.4 1-150,text,true,,18816,0,300,300,10171,0,0
1530017958313,10942,TrackingHistoryList,404,Not Found,2.4 1-92,text,false,Test failed: text expected to contain /enquiryId/,331,0,300,300,10942,0,0
1530017958407,10855,TrackingHistoryList,404,Not Found,2.4 1-118,text,false,Test failed: text expected to contain /enquiryId/,331,0,300,300,10855,0,0
1530017959876,9387,TrackingHistoryList,404,Not Found,2.4 1-102,text,false,Test failed: text expected to contain /enquiryId/,331,0,300,300,9387,0,0
1530017961845,7417,TrackingHistoryList,200,OK,2.4 1-178,text,true,,9698,0,300,300,7417,0,0
1530017961843,7670,TrackingHistoryList,404,Not Found,2.4 1-131,text,false,Test failed: text expected to contain /enquiryId/,331,0,300,300,7670,0,0
1530017960125,9393,TrackingHistoryList,404,Not Found,2.4 1-152,text,false,Test failed: text expected to contain /enquiryId/,331,0,300,300,9393,0,0
1530017964906,4614,TrackingHistoryList,404,Not Found,2.4 1-209,text,false,Test failed: text expected to contain /enquiryId/,331,0,300,300,4614,0,0
1530017963905,5621,TrackingHistoryList,200,OK,2.4 1-291,text,true,,4951,0,300,300,5621,0,0
1530017957081,12526,TrackingHistoryList,200,OK,2.4 1-74,text,true,,19289,0,300,300,12523,0,0
1530017961546,8106,TrackingHistoryList,404,Not Found,2.4 1-184,text,false,Test failed: text expected to contain /enquiryId/,331,0,300,300,8106,0,0
1530017964906,4926,TrackingHistoryList,200,OK,2.4 1-230,text,true,,1653,0,300,300,4926,0,0
1530017961251,8587,TrackingHistoryList,200,OK,2.4 1-73,text,true,,1845,0,300,300,8587,0,0
1530017961843,7999,TrackingHistoryList,404,Not Found,2.4 1-16,text,false,Test failed: text expected to contain /enquiryId/,331,0,300,300,7999,0,0
1530017951170,18744,BeneficiariesRequest,404,Not Found,2.4 1-54,text,false,Test failed: text expected to contain /beneficiaryType/,331,0,300,300,18744,0,0
1530017957907,12321,TrackingHistoryList,200,OK,2.4 1-87,text,true,,1023,0,300,300,12321,0,0
1530017958423,11812,TrackingHistoryList,404,Not Found,2.4 1-106,text,false,Test failed: text expected to contain /enquiryId/,364,0,300,300,11812,0,0
1530017957454,12782,TrackingHistoryList,200,OK,2.4 1-25,text,true,,3204,0,300,300,12782,0,0
1530017964077,6171,TrackingHistoryList,404,Not Found,2.4 1-66,text,false,Test failed: text expected to contain /enquiryId/,364,0,300,300,6171,0,0
1530017966874,3560,TrackingHistoryList,404,Not Found,2.4 1-240,text,false,Test failed: text expected to contain /enquiryId/,331,0,300,300,3560,0,0
1530017961842,8719,TrackingHistoryList,200,OK,2.4 1-177,text,true,,8132,0,300,300,8719,0,0
1530017963405,7284,TrackingHistoryList,200,OK,2.4 1-275,text,true,,12421,0,300,300,7280,0,0
1530017957110,13591,TrackingHistoryList,200,OK,2.4 1-56,text,true,,4787,0,300,300,13591,0,0
1530017958329,12375,TrackingHistoryList,200,OK,2.4 1-82,text,true,,3578,0,300,300,12375,0,0
1530017957110,13605,TrackingHistoryList,200,OK,2.4 1-84,text,true,,4702,0,300,300,13605,0,0
1530017963175,7556,TrackingHistoryList,404,Not Found,2.4 1-164,text,false,Test failed: text expected to contain /enquiryId/,364,0,300,300,7556,0,0
1530017964313,6429,TrackingHistoryList,404,Not Found,2.4 1-254,text,false,Test failed: text expected to contain /enquiryId/,364,0,300,300,6429,0,0
1530017964608,6137,TrackingHistoryList,404,Not Found,2.4 1-174,text,false,Test failed: text expected to contain /enquiryId/,364,0,300,300,6137,0,0
1530017964858,5892,TrackingHistoryList,404,Not Found,2.4 1-260,text,false,Test failed: text expected to contain /enquiryId/,364,0,300,300,5892,0,0
1530017962593,8184,TrackingHistoryList,404,Not Found,2.4 1-221,text,false,Test failed: text expected to contain /enquiryId/,364,0,300,300,8184,0,0
1530017963405,7375,TrackingHistoryList,404,Not Found,2.4 1-283,text,false,Test failed: text expected to contain /enquiryId/,364,0,300,300,7375,0,0
1530017960672,10112,TrackingHistoryList,404,Not Found,2.4 1-83,text,false,Test failed: text expected to contain /enquiryId/,364,0,300,300,10112,0,0
1530017963174,7611,TrackingHistoryList,404,Not Found,2.4 1-245,text,false,Test failed: text expected to contain /enquiryId/,364,0,300,300,7611,0,0
1530017962593,8196,TrackingHistoryList,404,Not Found,2.4 1-59,text,false,Test failed: text expected to contain /enquiryId/,364,0,300,300,8196,0,0
1530017964905,6049,TrackingHistoryList,200,OK,2.4 1-233,text,true,,1306,0,300,300,6049,0,0
1530017961717,9242,TrackingHistoryList,404,Not Found,2.4 1-71,text,false,Test failed: text expected to contain /enquiryId/,364,0,300,300,9242,0,0
1530017961561,9445,TrackingHistoryList,200,OK,2.4 1-15,text,true,,2340,0,300,300,9445,0,0
1530017963389,7624,TrackingHistoryList,200,OK,2.4 1-156,text,true,,4858,0,300,300,7624,0,0
1530017964436,6583,TrackingHistoryList,200,OK,2.4 1-276,text,true,,4355,0,300,300,6583,0,0
1530017964389,6631,TrackingHistoryList,200,OK,2.4 1-282,text,true,,8803,0,300,300,6631,0,0
1530017958688,12379,TrackingHistoryList,200,OK,2.4 1-67,text,true,,1046,0,300,300,12379,0,0
1530017960657,10412,TrackingHistoryList,200,OK,2.4 1-121,text,true,,1073,0,300,300,10412,0,0
1530017957907,13165,TrackingHistoryList,404,Not Found,2.4 1-100,text,false,Test failed: text expected to contain /enquiryId/,364,0,300,300,13165,0,0
1530017957907,13167,TrackingHistoryList,404,Not Found,2.4 1-120,text,false,Test failed: text expected to contain /enquiryId/,364,0,300,300,13167,0,0
1530017964436,6995,TrackingHistoryList,404,Not Found,2.4 1-234,text,false,Test failed: text expected to contain /enquiryId/,364,0,300,300,6995,0,0
1530017964046,7389,TrackingHistoryList,200,OK,2.4 1-286,text,true,,1133,0,300,300,7389,0,0
1530017952019,19500,BeneficiariesRequest,200,OK,2.4 1-237,text,true,,1688,0,300,300,19500,0,0
1530017951753,19769,BeneficiariesRequest,200,OK,2.4 1-169,text,true,,955,0,300,300,19769,0,0
1530017958047,13477,TrackingHistoryList,404,Not Found,2.4 1-30,text,false,Test failed: text expected to contain /enquiryId/,331,0,300,300,13477,0,0
1530017952043,19484,BeneficiariesRequest,404,Not Found,2.4 1-223,text,false,Test failed: text expected to contain /beneficiaryType/,331,0,300,300,19484,0,0
1530017951886,19643,BeneficiariesRequest,200,OK,2.4 1-112,text,true,,923,0,300,300,19643,0,0
1530017959142,12390,TrackingHistoryList,404,Not Found,2.4 1-48,text,false,Test failed: text expected to contain /enquiryId/,331,0,300,300,12390,0,0
1530017958407,13127,TrackingHistoryList,200,OK,2.4 1-65,text,true,,1072,0,300,300,13127,0,0
1530017959501,12192,TrackingHistoryList,200,OK,2.4 1-134,text,true,,2454,0,300,300,12192,0,0
1530017963608,8084,TrackingHistoryList,404,Not Found,2.4 1-186,text,false,Test failed: text expected to contain /enquiryId/,364,0,300,300,8084,0,0
1530017966625,5111,TrackingHistoryList,200,OK,2.4 1-290,text,true,,9191,0,300,300,5111,0,0
1530017957987,13752,TrackingHistoryList,200,OK,2.4 1-75,text,true,,3357,0,300,300,13752,0,0
1530017967047,4716,TrackingHistoryList,404,Not Found,2.4 1-201,text,false,Test failed: text expected to contain /enquiryId/,364,0,300,300,4716,0,0
1530017964889,6876,TrackingHistoryList,404,Not Found,2.4 1-288,text,false,Test failed: text expected to contain /enquiryId/,364,0,300,300,6876,0,0
1530017965845,5927,TrackingHistoryList,404,Not Found,2.4 1-273,text,false,Test failed: text expected to contain /enquiryId/,364,0,300,300,5927,0,0
1530017960907,10930,TrackingHistoryList,404,Not Found,2.4 1-208,text,false,Test failed: text expected to contain /enquiryId/,331,0,300,300,10930,0,0
1530017964203,7661,TrackingHistoryList,404,Not Found,2.4 1-259,text,false,Test failed: text expected to contain /enquiryId/,364,0,300,300,7661,0,0
1530017966187,5678,SearchMember,200,OK,2.4 1-86,text,true,,2496,0,300,300,5678,0,0
1530017960126,11752,TrackingHistoryList,200,OK,2.4 1-224,text,true,,7813,0,299,299,11752,0,0
1530017967047,4831,TrackingHistoryList,200,OK,2.4 1-258,text,true,,3558,0,299,299,4831,0,0
1530017964905,6973,TrackingHistoryList,200,OK,2.4 1-202,text,true,,1085,0,299,299,6973,0,0
1530017962812,9204,TrackingHistoryList,404,Not Found,2.4 1-108,text,false,Test failed: text expected to contain /enquiryId/,331,0,299,299,9204,0,0
1530017961655,10369,TrackingHistoryList,200,OK,2.4 1-81,text,true,,13398,0,299,299,10366,0,0
1530017960532,11496,TrackingHistoryList,200,OK,2.4 1-79,text,true,,11160,0,299,299,11496,0,0
1530017959532,12524,TrackingHistoryList,200,OK,2.4 1-140,text,true,,1076,0,299,299,12524,0,0
1530017951765,20383,BeneficiariesRequest,200,OK,2.4 1-147,text,true,,924,0,299,299,20383,0,0
1530017951772,20378,BeneficiariesRequest,200,OK,2.4 1-192,text,true,,1311,0,299,299,20378,0,0
1530017965172,7094,TrackingHistoryList,404,Not Found,2.4 1-265,text,false,Test failed: text expected to contain /enquiryId/,331,0,299,299,7094,0,0
1530017967906,4364,TrackingHistoryList,200,OK,2.4 1-222,text,true,,5579,0,299,299,4364,0,0
1530017962108,10209,TrackingHistoryList,404,Not Found,2.4 1-39,text,false,Test failed: text expected to contain /enquiryId/,364,0,299,299,10209,0,0
1530017966171,6191,SearchMember,200,OK,2.4 1-166,text,true,,2285,0,299,299,6191,0,0
1530017960907,11590,TrackingHistoryList,200,OK,2.4 1-180,text,true,,9948,0,298,298,11590,0,0
1530017958845,13678,TrackingHistoryList,200,OK,2.4 1-5,text,true,,1718,0,298,298,13678,0,0
1530017964314,8207,TrackingHistoryList,404,Not Found,2.4 1-246,text,false,Test failed: text expected to contain /enquiryId/,364,0,298,298,8207,0,0
1530017958688,13837,TrackingHistoryList,404,Not Found,2.4 1-138,text,false,Test failed: text expected to contain /enquiryId/,331,0,298,298,13837,0,0
1530017962843,9792,TrackingHistoryList,200,OK,2.4 1-46,text,true,,1048,0,298,298,9792,0,0
1530017960282,12521,TrackingHistoryList,200,OK,2.4 1-103,text,true,,1105,0,298,298,12521,0,0
1530017964436,8368,TrackingHistoryList,200,OK,2.4 1-244,text,true,,3252,0,298,298,8368,0,0
1530017964202,8642,TrackingHistoryList,404,Not Found,2.4 1-167,text,false,Test failed: text expected to contain /enquiryId/,364,0,298,298,8642,0,0
1530017963373,9477,TrackingHistoryList,200,OK,2.4 1-145,text,true,,1625,0,298,298,9477,0,0
1530017965170,7683,TrackingHistoryList,404,Not Found,2.4 1-21,text,false,Test failed: text expected to contain /enquiryId/,364,0,298,298,7683,0,0
1530017965171,7685,TrackingHistoryList,200,OK,2.4 1-280,text,true,,1058,0,298,298,7685,0,0
1530017961717,11146,TrackingHistoryList,404,Not Found,2.4 1-51,text,false,Test failed: text expected to contain /enquiryId/,364,0,298,298,11146,0,0
1530017962844,10024,TrackingHistoryList,200,OK,2.4 1-281,text,true,,1742,0,298,298,10024,0,0
1530017962843,10041,TrackingHistoryList,200,OK,2.4 1-176,text,true,,12360,0,298,298,10039,0,0
1530017968140,4823,TrackingHistoryList,200,OK,2.4 1-72,text,true,,1722,0,298,298,4823,0,0
1530017959032,13946,TrackingHistoryList,404,Not Found,2.4 1-168,text,false,Test failed: text expected to contain /enquiryId/,331,0,298,298,13946,0,0
1530017960532,12450,TrackingHistoryList,404,Not Found,2.4 1-76,text,false,Test failed: text expected to contain /enquiryId/,331,0,298,298,12450,0,0
1530017959344,13640,TrackingHistoryList,404,Not Found,2.4 1-172,text,false,Test failed: text expected to contain /enquiryId/,331,0,298,298,13640,0,0
1530017968375,4616,TrackingHistoryList,404,Not Found,2.4 1-162,text,false,Test failed: text expected to contain /enquiryId/,331,0,298,298,4616,0,0
1530017967718,5276,TrackingHistoryList,404,Not Found,2.4 1-251,text,false,Test failed: text expected to contain /enquiryId/,331,0,298,298,5276,0,0
1530017958844,14155,TrackingHistoryList,404,Not Found,2.4 1-41,text,false,Test failed: text expected to contain /enquiryId/,331,0,298,298,14155,0,0
1530017968376,4744,TrackingHistoryList,200,OK,2.4 1-218,text,true,,2976,0,298,298,4744,0,0
1530017958797,14350,TrackingHistoryList,404,Not Found,2.4 1-101,text,false,Test failed: text expected to contain /enquiryId/,364,0,298,298,14350,0,0
1530017961843,11310,TrackingHistoryList,200,OK,2.4 1-207,text,true,,5118,0,298,298,11310,0,0
1530017963889,9269,TrackingHistoryList,404,Not Found,2.4 1-200,text,false,Test failed: text expected to contain /enquiryId/,364,0,298,298,9269,0,0
1530017963608,9551,TrackingHistoryList,200,OK,2.4 1-194,text,true,,8335,0,298,298,9551,0,0
1530017963733,9430,TrackingHistoryList,200,OK,2.4 1-297,text,true,,1090,0,298,298,9430,0,0
1530017964045,9121,TrackingHistoryList,200,OK,2.4 1-238,text,true,,1674,0,298,298,9121,0,0
1530017964046,9130,TrackingHistoryList,404,Not Found,2.4 1-278,text,false,Test failed: text expected to contain /enquiryId/,331,0,298,298,9130,0,0
1530017966578,6679,SearchMember,200,OK,2.4 1-36,text,true,,2557,0,298,298,6679,0,0
1530017964202,9110,TrackingHistoryList,200,OK,2.4 1-11,text,true,,39836,0,297,297,9103,0,0
1530017969515,3979,TrackingHistoryList,404,Not Found,2.4 1-182,text,false,Test failed: text expected to contain /enquiryId/,331,0,297,297,3979,0,0
1530017966859,6638,TrackingHistoryList,404,Not Found,2.4 1-277,text,false,Test failed: text expected to contain /enquiryId/,331,0,297,297,6638,0,0
1530017968406,5099,TrackingHistoryList,200,OK,2.4 1-236,text,true,,2324,0,297,297,5099,0,0
1530017968391,5114,TrackingHistoryList,200,OK,2.4 1-98,text,true,,1213,0,297,297,5114,0,0
1530017966218,7314,TrackingHistoryList,200,OK,2.4 1-285,text,true,,1704,0,297,297,7314,0,0
1530017966859,6675,TrackingHistoryList,404,Not Found,2.4 1-235,text,false,Test failed: text expected to contain /enquiryId/,331,0,297,297,6675,0,0
1530017966626,6958,TrackingHistoryList,404,Not Found,2.4 1-263,text,false,Test failed: text expected to contain /enquiryId/,364,0,297,297,6958,0,0
1530017967125,6473,TrackingHistoryList,200,OK,2.4 1-175,text,true,,11497,0,297,297,6473,0,0
1530017966170,7446,SearchMember,200,OK,2.4 1-62,text,true,,2359,0,297,297,7446,0,0
1530017966186,7432,TrackingHistoryList,404,Not Found,2.4 1-272,text,false,Test failed: text expected to contain /enquiryId/,364,0,296,296,7432,0,0
1530017968531,5146,TrackingHistoryList,200,OK,2.4 1-198,text,true,,1198,0,296,296,5146,0,0
1530017967921,5785,TrackingHistoryList,200,OK,2.4 1-271,text,true,,1017,0,296,296,5785,0,0
1530017970062,3718,TrackingHistoryList,404,Not Found,2.4 1-171,text,false,Test failed: text expected to contain /enquiryId/,364,0,296,296,3718,0,0
1530017960657,13160,TrackingHistoryList,404,Not Found,2.4 1-115,text,false,Test failed: text expected to contain /enquiryId/,331,0,296,296,13160,0,0
1530017960657,13164,TrackingHistoryList,200,OK,2.4 1-130,text,true,,1035,0,296,296,13164,0,0
1530017960625,13197,TrackingHistoryList,200,OK,2.4 1-157,text,true,,1703,0,296,296,13197,0,0
1530017960672,13154,TrackingHistoryList,200,OK,2.4 1-85,text,true,,2978,0,296,296,13154,0,0
1530017962124,11703,TrackingHistoryList,200,OK,2.4 1-70,text,true,,1008,0,296,296,11703,0,0
1530017958422,15409,TrackingHistoryList,404,Not Found,2.4 1-34,text,false,Test failed: text expected to contain /enquiryId/,331,0,296,296,15409,0,0
1530017958002,15833,TrackingHistoryList,200,OK,2.4 1-60,text,true,,2941,0,296,296,15833,0,0
1530017967500,6355,TrackingHistoryList,404,Not Found,2.4 1-206,text,false,Test failed: text expected to contain /enquiryId/,364,0,296,296,6355,0,0
1530017965846,8070,TrackingHistoryList,200,OK,2.4 1-274,text,true,,4852,0,296,296,8070,0,0
1530017961845,12088,TrackingHistoryList,404,Not Found,2.4 1-191,text,false,Test failed: text expected to contain /enquiryId/,331,0,296,296,12088,0,0
1530017963781,10222,TrackingHistoryList,404,Not Found,2.4 1-279,text,false,Test failed: text expected to contain /enquiryId/,364,0,296,296,10222,0,0
1530017963780,10225,TrackingHistoryList,404,Not Found,2.4 1-299,text,false,Test failed: text expected to contain /enquiryId/,364,0,296,296,10225,0,0
1530017959532,14478,TrackingHistoryList,404,Not Found,2.4 1-114,text,false,Test failed: text expected to contain /enquiryId/,364,0,296,296,14478,0,0
1530017967281,6741,TrackingHistoryList,404,Not Found,2.4 1-270,text,false,Test failed: text expected to contain /enquiryId/,364,0,296,296,6741,0,0
1530017968750,5273,SearchMember,200,OK,2.4 1-185,text,true,,2538,0,296,296,5273,0,0
1530017970297,3762,SearchMember,200,OK,2.4 1-93,text,true,,2303,0,295,295,3762,0,0
1530017964077,10146,TrackingHistoryList,200,OK,2.4 1-179,text,true,,5625,0,294,294,10146,0,0
1530017968532,5977,SearchMember,200,OK,2.4 1-77,text,true,,2650,0,294,294,5977,0,0
1530017962811,11700,TrackingHistoryList,200,OK,2.4 1-227,text,true,,1053,0,293,293,11700,0,0
1530017960908,13726,TrackingHistoryList,404,Not Found,2.4 1-214,text,false,Test failed: text expected to contain /enquiryId/,331,0,293,293,13726,0,0
1530017962592,12048,TrackingHistoryList,200,OK,2.4 1-33,text,true,,1115,0,293,293,12048,0,0
1530017962124,12517,TrackingHistoryList,200,OK,2.4 1-91,text,true,,3476,0,293,293,12517,0,0
1530017965827,8853,SearchMember,200,OK,2.4 1-35,text,true,,2548,0,293,293,8853,0,0
1530017965374,9311,TrackingHistoryList,200,OK,2.4 1-213,text,true,,2256,0,292,292,9311,0,0
1530017965171,9527,TrackingHistoryList,200,OK,2.4 1-170,text,true,,2216,0,292,292,9527,0,0
1530017967906,6798,TrackingHistoryList,200,OK,2.4 1-241,text,true,,2180,0,292,292,6798,0,0
1530017967921,6789,TrackingHistoryList,200,OK,2.4 1-229,text,true,,1685,0,292,292,6789,0,0
1530017965846,8868,TrackingHistoryList,200,OK,2.4 1-211,text,true,,1763,0,292,292,8868,0,0
1530017968781,6102,SearchMember,200,OK,2.4 1-149,text,true,,2474,0,292,292,6102,0,0
1530017966186,8743,TrackingHistoryList,200,OK,2.4 1-123,text,true,,1524,0,291,291,8743,0,0
1530017965295,9634,TrackingHistoryList,200,OK,2.4 1-220,text,true,,4269,0,291,291,9634,0,0
1530017962748,12206,TrackingHistoryList,404,Not Found,2.4 1-23,text,false,Test failed: text expected to contain /enquiryId/,331,0,291,291,12206,0,0
1530017959047,15912,TrackingHistoryList,404,Not Found,2.4 1-193,text,false,Test failed: text expected to contain /enquiryId/,331,0,291,291,15912,0,0
1530017969687,5285,SearchMember,200,OK,2.4 1-43,text,true,,2494,0,291,291,5285,0,0
1530017965296,9711,TrackingHistoryList,200,OK,2.4 1-295,text,true,,3059,0,290,290,9711,0,0
1530017964202,10822,TrackingHistoryList,200,OK,2.4 1-188,text,true,,8276,0,290,290,10822,0,0
1530017964639,10406,TrackingHistoryList,200,OK,2.4 1-187,text,true,,4446,0,290,290,10406,0,0
1530017969859,5308,TrackingHistoryList,200,OK,2.4 1-197,text,true,,1749,0,290,290,5308,0,0
1530017963545,11672,TrackingHistoryList,404,Not Found,2.4 1-256,text,false,Test failed: text expected to contain /enquiryId/,331,0,290,290,11672,0,0
1530017963175,12085,TrackingHistoryList,200,OK,2.4 1-132,text,true,,1115,0,290,290,12085,0,0
1530017966625,8638,TrackingHistoryList,200,OK,2.4 1-292,text,true,,1109,0,290,290,8638,0,0
1530017967016,8333,TrackingHistoryList,404,Not Found,2.4 1-243,text,false,Test failed: text expected to contain /enquiryId/,331,0,290,290,8333,0,0
1530017966859,8498,TrackingHistoryList,404,Not Found,2.4 1-298,text,false,Test failed: text expected to contain /enquiryId/,329,0,290,290,8498,0,0
1530017968142,7246,TrackingHistoryList,200,OK,2.4 1-10,text,true,,12198,0,290,290,7243,0,0
1530017966186,9330,SearchMember,200,OK,2.4 1-64,text,true,,2328,0,290,290,9330,0,0
1530017971455,4106,SearchMember,200,OK,2.4 1-89,text,true,,2581,0,289,289,4106,0,0
1530017968391,7404,TrackingHistoryList,404,Not Found,2.4 1-12,text,false,Test failed: text expected to contain /enquiryId/,364,0,288,288,7404,0,0
1530017968377,7480,TrackingHistoryList,404,Not Found,2.4 1-53,text,false,Test failed: text expected to contain /enquiryId/,364,0,288,288,7480,0,0
1530017967515,8345,TrackingHistoryList,404,Not Found,2.4 1-257,text,false,Test failed: text expected to contain /enquiryId/,364,0,288,288,8345,0,0
1530017963608,12305,TrackingHistoryList,200,OK,2.4 1-269,text,true,,1688,0,288,288,12305,0,0
1530017966014,10012,TrackingHistoryList,200,OK,2.4 1-261,text,true,,2897,0,288,288,10012,0,0
1530017960579,15546,TrackingHistoryList,404,Not Found,2.4 1-126,text,false,Test failed: text expected to contain /enquiryId/,331,0,288,288,15546,0,0
1530017965202,10918,SearchMember,200,OK,2.4 1-111,text,true,,2278,0,288,288,10918,0,0
1530017970390,5779,SearchMember,200,OK,2.4 1-80,text,true,,2397,0,287,287,5779,0,0
1530017970986,5189,TrackingHistoryList,404,Not Found,2.4 1-231,text,false,Test failed: text expected to contain /enquiryId/,364,0,286,286,5189,0,0
1530017970986,5195,TrackingHistoryList,404,Not Found,2.4 1-148,text,false,Test failed: text expected to contain /enquiryId/,364,0,286,286,5195,0,0
1530017970516,6002,SearchMember,200,OK,2.4 1-49,text,true,,2316,0,286,286,6002,0,0
1530017967578,9016,SearchMember,200,OK,2.4 1-3,text,true,,2535,0,285,285,9016,0,0
1530017965889,10739,SearchMember,200,OK,2.4 1-128,text,true,,2545,0,284,284,10739,0,0
1530017966812,9867,SearchMember,200,OK,2.4 1-116,text,true,,2523,0,283,283,9867,0,0
1530017967922,8763,TrackingHistoryList,200,OK,2.4 1-289,text,true,,2630,0,282,282,8763,0,0
1530017966625,10167,TrackingHistoryList,200,OK,2.4 1-219,text,true,,3348,0,282,282,10167,0,0
1530017965846,10947,TrackingHistoryList,200,OK,2.4 1-248,text,true,,1777,0,282,282,10947,0,0
1530017970547,6317,SearchMember,200,OK,2.4 1-1,text,true,,2548,0,282,282,6317,0,0
1530017970984,5885,TrackingHistoryList,200,OK,2.4 1-183,text,true,,1094,0,281,281,5885,0,0
1530017965624,11276,SearchMember,200,OK,2.4 1-119,text,true,,2492,0,281,281,11276,0,0
1530017964670,12246,TrackingHistoryList,200,OK,2.4 1-284,text,true,,1634,0,280,280,12246,0,0
1530017968143,8780,TrackingHistoryList,200,OK,2.4 1-228,text,true,,1025,0,280,280,8780,0,0
1530017966187,10740,TrackingHistoryList,200,OK,2.4 1-109,text,true,,9991,0,280,280,10740,0,0
1530017971642,5328,SearchMember,200,OK,2.4 1-55,text,true,,2304,0,280,280,5328,0,0
1530017970546,6429,SearchMember,200,OK,2.4 1-110,text,true,,2364,0,279,279,6429,0,0
1530017968141,8846,TrackingHistoryList,200,OK,2.4 1-44,text,true,,1195,0,278,278,8846,0,0
1530017971000,5988,SearchMember,200,OK,2.4 1-90,text,true,,2407,0,278,278,5988,0,0
1530017970531,6556,SearchMember,200,OK,2.4 1-142,text,true,,2347,0,277,277,6556,0,0
1530017970987,6186,TrackingHistoryList,200,OK,2.4 1-268,text,true,,6745,0,276,276,6186,0,0
1530017970343,6937,SearchMember,200,OK,2.4 1-160,text,true,,2379,0,276,276,6937,0,0
1530017968141,9155,TrackingHistoryList,404,Not Found,2.4 1-249,text,false,Test failed: text expected to contain /enquiryId/,364,0,275,275,9155,0,0
1530017969703,7652,TrackingHistoryList,200,OK,2.4 1-163,text,true,,1051,0,275,275,7652,0,0
1530017970562,6867,SearchMember,200,OK,2.4 1-31,text,true,,2500,0,275,275,6867,0,0
1530017969296,8135,TrackingHistoryList,404,Not Found,2.4 1-129,text,false,Test failed: text expected to contain /enquiryId/,331,0,274,274,8135,0,0
1530017967015,10433,TrackingHistoryList,200,OK,2.4 1-242,text,true,,4271,0,274,274,10433,0,0
1530017970547,6904,SearchMember,200,OK,2.4 1-27,text,true,,2535,0,274,274,6904,0,0
1530017966218,11304,TrackingHistoryList,404,Not Found,2.4 1-287,text,false,Test failed: text expected to contain /enquiryId/,331,0,273,273,11304,0,0
1530017966968,10567,SearchMember,200,OK,2.4 1-38,text,true,,2477,0,273,273,10567,0,0
1530017970312,7422,SearchMember,200,OK,2.4 1-262,text,true,,2551,0,272,272,7422,0,0
1530017970968,6771,TrackingHistoryList,404,Not Found,2.4 1-155,text,false,Test failed: text expected to contain /enquiryId/,364,0,271,271,6771,0,0
1530017973534,4210,TrackingHistoryList,200,OK,2.4 1-237,text,true,,1003,0,271,271,4210,0,0
1530017971000,6743,TrackingHistoryList,404,Not Found,2.4 1-217,text,false,Test failed: text expected to contain /enquiryId/,364,0,271,271,6743,0,0
1530017971877,5869,SearchMember,200,OK,2.4 1-61,text,true,,2401,0,271,271,5869,0,0
1530017972251,5495,SearchMember,200,OK,2.4 1-95,text,true,,2413,0,270,270,5495,0,0
1530017965624,12122,SearchMember,200,OK,2.4 1-18,text,true,,2352,0,269,269,12122,0,0
1530017967406,10376,SearchMember,200,OK,2.4 1-9,text,true,,2343,0,268,268,10376,0,0
1530017968234,9598,SearchMember,200,OK,2.4 1-96,text,true,,2353,0,267,267,9598,0,0
1530017969421,8497,SearchMember,200,OK,2.4 1-105,text,true,,2309,0,266,266,8497,0,0
1530017969312,8608,TrackingHistoryList,404,Not Found,2.4 1-190,text,false,Test failed: text expected to contain /enquiryId/,331,0,265,265,8608,0,0
1530017970313,7641,SearchMember,200,OK,2.4 1-14,text,true,,2348,0,265,265,7641,0,0
1530017971610,6359,SearchMember,200,OK,2.4 1-158,text,true,,2338,0,264,264,6359,0,0
1530017967922,10112,TrackingHistoryList,200,OK,2.4 1-216,text,true,,7726,0,263,263,10112,0,0
1530017971907,6313,TrackingHistoryList,200,OK,2.4 1-54,text,true,,2146,0,263,263,6313,0,0
1530017973535,4688,TrackingHistoryList,404,Not Found,2.4 1-223,text,false,Test failed: text expected to contain /enquiryId/,331,0,263,263,4688,0,0
1530017967906,10354,TrackingHistoryList,200,OK,2.4 1-253,text,true,,7417,0,263,263,10354,0,0
1530017969781,8608,SearchMember,200,OK,2.4 1-139,text,true,,2327,0,263,263,8608,0,0
1530017970046,8795,SearchMember,200,OK,2.4 1-52,text,true,,2351,0,262,262,8795,0,0
1530017974157,4695,TrackingHistoryList,200,OK,2.4 1-192,text,true,,6151,0,261,261,4695,0,0
1530017968765,10502,SearchMember,200,OK,2.4 1-127,text,true,,2309,0,261,261,10502,0,0
1530017968312,11024,TrackingHistoryList,200,OK,2.4 1-2,text,true,,1815,0,260,260,11024,0,0
1530017974158,5364,TrackingHistoryList,200,OK,2.4 1-147,text,true,,1597,0,260,260,5364,0,0
1530017968142,11874,TrackingHistoryList,404,Not Found,2.4 1-69,text,false,Test failed: text expected to contain /enquiryId/,331,0,260,260,11874,0,0
1530017967937,12083,TrackingHistoryList,404,Not Found,2.4 1-294,text,false,Test failed: text expected to contain /enquiryId/,331,0,260,260,12083,0,0
1530017968141,11885,TrackingHistoryList,404,Not Found,2.4 1-6,text,false,Test failed: text expected to contain /enquiryId/,331,0,260,260,11885,0,0
1530017968235,11831,SearchMember,200,OK,2.4 1-165,text,true,,2595,0,260,260,11831,0,0
1530017970297,9875,SearchMember,200,OK,2.4 1-124,text,true,,2379,0,259,259,9875,0,0
1530017973534,6696,TrackingHistoryList,404,Not Found,2.4 1-112,text,false,Test failed: text expected to contain /enquiryId/,364,0,258,258,6696,0,0
1530017967406,12906,SearchMember,200,OK,2.4 1-117,text,true,,2518,0,258,258,12906,0,0
1530017967922,12394,TrackingHistoryList,404,Not Found,2.4 1-264,text,false,Test failed: text expected to contain /enquiryId/,331,0,257,257,12393,0,0
1530017968999,11382,SearchMember,200,OK,2.4 1-29,text,true,,2337,0,257,257,11382,0,0
1530017970203,10179,TrackingHistoryList,200,OK,2.4 1-204,text,true,,1146,0,257,257,10179,0,0
1530017974080,6324,SearchMember,200,OK,2.4 1-67,text,true,,2286,0,256,256,6324,0,0
1530017969843,10574,TrackingHistoryList,200,OK,2.4 1-203,text,true,,1735,0,255,255,10574,0,0
1530017970999,9635,SearchMember,200,OK,2.4 1-154,text,true,,2581,0,255,255,9635,0,0
1530017969296,11536,SearchMember,200,OK,2.4 1-141,text,true,,2523,0,254,254,11536,0,0
1530017972251,8644,SearchMember,200,OK,2.4 1-178,text,true,,2685,0,253,253,8644,0,0
1530017972251,8735,SearchMember,200,OK,2.4 1-92,text,true,,2479,0,252,252,8735,0,0
1530017967843,13282,SearchMember,200,OK,2.4 1-7,text,true,,2379,0,251,251,13282,0,0
1530017968953,12178,TrackingHistoryList,200,OK,2.4 1-247,text,true,,3019,0,250,250,12178,0,0
1530017970703,10473,SearchMember,200,OK,2.4 1-232,text,true,,2373,0,250,250,10473,0,0
1530017964795,16388,TrackingHistoryList,200,OK,2.4 1-296,text,true,,1123,0,249,249,16388,0,0
1530017969782,11406,SearchMember,200,OK,2.4 1-151,text,true,,2584,0,249,249,11406,0,0
1530017975269,5947,SearchMember,200,OK,2.4 1-222,text,true,,2363,0,248,248,5947,0,0
1530017969359,11863,TrackingHistoryList,200,OK,2.4 1-225,text,true,,2957,0,247,247,11863,0,0
1530017968953,12271,TrackingHistoryList,404,Not Found,2.4 1-195,text,false,Test failed: text expected to contain /enquiryId/,364,0,247,247,12271,0,0
1530017976489,4920,SearchMember,200,OK,2.4 1-277,text,true,,2334,0,247,247,4920,0,0
1530017972610,8828,SearchMember,200,OK,2.4 1-74,text,true,,2349,0,246,246,8828,0,0
1530017969421,12100,SearchMember,200,OK,2.4 1-144,text,true,,2344,0,245,245,12100,0,0
1530017969343,12287,SearchMember,200,OK,2.4 1-88,text,true,,2331,0,244,244,12287,0,0
1530017970344,11288,SearchMember,200,OK,2.4 1-58,text,true,,2320,0,243,243,11288,0,0
1530017970046,11587,SearchMember,200,OK,2.4 1-266,text,true,,2315,0,242,242,11587,0,0
1530017967406,14256,SearchMember,200,OK,2.4 1-94,text,true,,2485,0,241,241,14256,0,0
1530017970296,11376,SearchMember,200,OK,2.4 1-99,text,true,,2550,0,240,240,11376,0,0
1530017970298,11515,SearchMember,200,OK,2.4 1-47,text,true,,2511,0,239,239,11515,0,0
1530017968999,12895,TrackingHistoryList,200,OK,2.4 1-215,text,true,,1017,0,238,238,12895,0,0
1530017969516,12386,TrackingHistoryList,200,OK,2.4 1-252,text,true,,3798,0,238,238,12386,0,0
1530017967859,14053,SearchMember,200,OK,2.4 1-57,text,true,,2306,0,238,238,14053,0,0
1530017968375,13539,TrackingHistoryList,200,OK,2.4 1-226,text,true,,4611,0,237,237,13539,0,0
1530017971456,10614,SearchMember,200,OK,2.4 1-173,text,true,,2373,0,237,237,10614,0,0
1530017971877,10360,SearchMember,200,OK,2.4 1-133,text,true,,2319,0,236,236,10360,0,0
1530017973534,9059,TrackingHistoryList,200,OK,2.4 1-169,text,true,,5427,0,235,235,9059,0,0
1530017970312,12302,SearchMember,200,OK,2.4 1-189,text,true,,2544,0,235,235,12302,0,0
1530017970031,12594,SearchMember,200,OK,2.4 1-78,text,true,,2349,0,234,234,12594,0,0
1530017970985,11682,SearchMember,200,OK,2.4 1-32,text,true,,2562,0,233,233,11682,0,0
1530017969781,12915,SearchMember,200,OK,2.4 1-97,text,true,,2321,0,232,232,12915,0,0
1530017970031,12669,SearchMember,200,OK,2.4 1-159,text,true,,2364,0,231,231,12669,0,0
1530017974879,7998,SearchMember,200,OK,2.4 1-258,text,true,,2556,0,230,230,7998,0,0
1530017972251,10644,SearchMember,200,OK,2.4 1-118,text,true,,2510,0,229,229,10644,0,0
1530017976832,6070,SearchMember,200,OK,2.4 1-70,text,true,,2544,0,229,229,6070,0,0
1530017970062,12928,TrackingHistoryList,404,Not Found,2.4 1-300,text,false,Test failed: text expected to contain /enquiryId/,331,0,227,227,12928,0,0
1530017972532,10474,SearchMember,200,OK,2.4 1-152,text,true,,2309,0,227,227,10474,0,0
1530017976597,6415,SearchMember,200,OK,2.4 1-175,text,true,,2512,0,226,226,6415,0,0
1530017976488,6670,SearchMember,200,OK,2.4 1-182,text,true,,2282,0,225,225,6670,0,0
1530017976504,6656,SearchMember,200,OK,2.4 1-236,text,true,,2503,0,224,224,6656,0,0
1530017974535,8764,SearchMember,200,OK,2.4 1-48,text,true,,2524,0,223,223,8764,0,0
1530017975019,8358,SearchMember,200,OK,2.4 1-79,text,true,,2326,0,222,222,8358,0,0
1530017970297,13251,SearchMember,200,OK,2.4 1-37,text,true,,2559,0,221,221,13251,0,0
1530017971878,11724,SearchMember,200,OK,2.4 1-28,text,true,,2543,0,220,220,11724,0,0
1530017970031,13573,SearchMember,200,OK,2.4 1-255,text,true,,2497,0,219,219,13573,0,0
1530017971454,12198,SearchMember,200,OK,2.4 1-135,text,true,,2583,0,218,218,12198,0,0
1530017977019,6673,SearchMember,200,OK,2.4 1-270,text,true,,2342,0,217,217,6673,0,0
1530017970313,13493,SearchMember,200,OK,2.4 1-40,text,true,,2326,0,216,216,13492,0,0
1530017970985,12832,SearchMember,200,OK,2.4 1-26,text,true,,2571,0,215,215,12832,0,0
1530017976163,7659,SearchMember,200,OK,2.4 1-194,text,true,,2537,0,214,214,7659,0,0
1530017971454,12468,SearchMember,200,OK,2.4 1-161,text,true,,2527,0,213,213,12468,0,0
1530017971641,12480,SearchMember,200,OK,2.4 1-146,text,true,,2562,0,212,212,12480,0,0
1530017976535,7647,SearchMember,200,OK,2.4 1-98,text,true,,2770,0,211,211,7647,0,0
1530017971218,12975,SearchMember,200,OK,2.4 1-104,text,true,,2396,0,210,210,12975,0,0
1530017971455,12840,SearchMember,200,OK,2.4 1-250,text,true,,2532,0,209,209,12840,0,0
1530017978347,5975,SearchMember,200,OK,2.4 1-243,text,true,,2298,0,208,208,5975,0,0
1530017972094,12271,SearchMember,200,OK,2.4 1-122,text,true,,2284,0,207,207,12271,0,0
1530017971548,12890,SearchMember,200,OK,2.4 1-205,text,true,,2276,0,206,206,12890,0,0
1530017977003,7559,SearchMember,200,OK,2.4 1-279,text,true,,2337,0,205,205,7559,0,0
1530017970796,13782,SearchMember,200,OK,2.4 1-17,text,true,,2510,0,204,204,13782,0,0
1530017970546,14171,SearchMember,200,OK,2.4 1-125,text,true,,2337,0,203,203,14171,0,0
1530017973563,11279,SearchMember,200,OK,2.4 1-177,text,true,,2393,0,202,202,11279,0,0
1530017972251,12845,SearchMember,200,OK,2.4 1-102,text,true,,2474,0,201,201,12845,0,0
1530017969140,16039,SearchMember,200,OK,2.4 1-4,text,true,,2384,0,200,200,16039,0,0
1530017970343,14936,SearchMember,200,OK,2.4 1-13,text,true,,2338,0,199,199,14936,0,0
1530017967406,17956,SearchMember,200,OK,2.4 1-196,text,true,,2507,0,198,198,17956,0,0
1530017969703,15661,TrackingHistoryList,200,OK,2.4 1-212,text,true,,1528,0,197,197,15661,0,0
1530017979798,5631,SearchMember,200,OK,2.4 1-248,text,true,,2305,0,197,197,5631,0,0
1530017980160,5288,SearchMember,200,OK,2.4 1-268,text,true,,2535,0,196,196,5288,0,0
1530017978207,7312,SearchMember,200,OK,2.4 1-256,text,true,,2333,0,195,195,7312,0,0
1530017977722,7840,SearchMember,200,OK,2.4 1-211,text,true,,2324,0,194,194,7840,0,0
1530017979035,6532,SearchMember,200,OK,2.4 1-261,text,true,,2498,0,193,193,6532,0,0
1530017979863,5718,SearchMember,200,OK,2.4 1-183,text,true,,2496,0,192,192,5718,0,0
1530017974535,11104,SearchMember,200,OK,2.4 1-65,text,true,,2332,0,191,191,11104,0,0
1530017980926,4724,SearchMember,200,OK,2.4 1-190,text,true,,2327,0,190,190,4724,0,0
1530017973719,11933,SearchMember,200,OK,2.4 1-164,text,true,,2262,0,189,189,11933,0,0
1530017973704,11983,SearchMember,200,OK,2.4 1-84,text,true,,2366,0,188,188,11983,0,0
1530017980425,5328,SearchMember,200,OK,2.4 1-129,text,true,,2528,0,187,187,5328,0,0
1530017971563,14287,SearchMember,200,OK,2.4 1-199,text,true,,2300,0,186,186,14287,0,0
1530017975520,10401,SearchMember,200,OK,2.4 1-138,text,true,,2335,0,185,185,10401,0,0
1530017974863,11109,SearchMember,200,OK,2.4 1-259,text,true,,2333,0,184,184,11109,0,0
1530017971547,14770,SearchMember,200,OK,2.4 1-181,text,true,,2331,0,183,183,14770,0,0
1530017971954,14375,SearchMember,200,OK,2.4 1-143,text,true,,2556,0,182,182,14375,0,0
1530017975800,10567,SearchMember,200,OK,2.4 1-244,text,true,,2362,0,181,181,10567,0,0
1530017971219,15500,SearchMember,200,OK,2.4 1-68,text,true,,2520,0,180,180,15500,0,0
1530017972235,14512,SearchMember,200,OK,2.4 1-22,text,true,,2343,0,179,179,14512,0,0
1530017979926,6909,SearchMember,200,OK,2.4 1-284,text,true,,2504,0,178,178,6909,0,0
1530017979129,7780,SearchMember,200,OK,2.4 1-126,text,true,,2530,0,177,177,7780,0,0
1530017973954,12996,SearchMember,200,OK,2.4 1-233,text,true,,2384,0,176,176,12996,0,0
1530017972017,14963,SearchMember,200,OK,2.4 1-107,text,true,,2400,0,175,175,14963,0,0
1530017973704,13388,SearchMember,200,OK,2.4 1-275,text,true,,2406,0,174,174,13388,0,0
1530017973704,13479,SearchMember,200,OK,2.4 1-56,text,true,,2352,0,173,173,13479,0,0
1530017978348,8852,SearchMember,200,OK,2.4 1-298,text,true,,2500,0,172,172,8852,0,0
1530017978910,8335,SearchMember,200,OK,2.4 1-269,text,true,,2539,0,171,171,8335,0,0
1530017970718,16887,SearchMember,200,OK,2.4 1-45,text,true,,2381,0,170,170,16887,0,0
1530017971124,16482,SearchMember,200,OK,2.4 1-42,text,true,,2511,0,169,169,16482,0,0
1530017973782,13891,SearchMember,200,OK,2.4 1-245,text,true,,2536,0,168,168,13891,0,0
1530017974001,13692,SearchMember,200,OK,2.4 1-156,text,true,,2537,0,167,167,13692,0,0
1530017973735,14048,SearchMember,200,OK,2.4 1-254,text,true,,2312,0,166,166,14048,0,0
1530017976535,11271,SearchMember,200,OK,2.4 1-285,text,true,,2540,0,165,165,11271,0,0
1530017976613,11315,SearchMember,200,OK,2.4 1-272,text,true,,2371,0,164,164,11315,0,0
1530017973438,14507,SearchMember,200,OK,2.4 1-240,text,true,,2380,0,163,163,14507,0,0
1530017972844,15201,SearchMember,200,OK,2.4 1-16,text,true,,2385,0,162,162,15201,0,0
1530017976316,11731,SearchMember,200,OK,2.4 1-11,text,true,,2555,0,161,161,11731,0,0
1530017976848,11260,SearchMember,200,OK,2.4 1-206,text,true,,2331,0,160,160,11260,0,0
1530017967859,20279,SearchMember,200,OK,2.4 1-137,text,true,,2314,0,159,159,20279,0,0
1530017977958,10191,SearchMember,200,OK,2.4 1-193,text,true,,2535,0,158,158,10191,0,0
1530017976162,11988,SearchMember,200,OK,2.4 1-200,text,true,,2359,0,157,157,11988,0,0
1530017971454,16758,SearchMember,200,OK,2.4 1-50,text,true,,2352,0,156,156,16758,0,0
1530017974079,14164,SearchMember,200,OK,2.4 1-121,text,true,,2528,0,155,155,14164,0,0
1530017975988,12306,SearchMember,200,OK,2.4 1-162,text,true,,2482,0,154,154,12306,0,0
1530017983316,4988,SearchMember,200,OK,2.4 1-264,text,true,,2326,0,153,153,4988,0,0
1530017974032,14352,SearchMember,200,OK,2.4 1-282,text,true,,2567,0,152,152,14352,0,0
1530017977691,10720,SearchMember,200,OK,2.4 1-241,text,true,,2492,0,151,151,10720,0,0
1530017975957,12457,SearchMember,200,OK,2.4 1-72,text,true,,2358,0,150,150,12457,0,0
1530017975488,12973,SearchMember,200,OK,2.4 1-180,text,true,,2532,0,149,149,12973,0,0
1530017975629,12845,SearchMember,200,OK,2.4 1-46,text,true,,2516,0,148,148,12845,0,0
1530017976175,12322,SearchMember,200,OK,2.4 1-278,text,true,,2336,0,147,147,12322,0,0
1530017977941,10577,SearchMember,200,OK,2.4 1-220,text,true,,2550,0,146,146,10577,0,0
1530017972829,15711,SearchMember,200,OK,2.4 1-230,text,true,,2526,0,145,145,15711,0,0
1530017971516,17052,SearchMember,200,OK,2.4 1-8,text,true,,2272,0,144,144,17052,0,0
1530017969312,19273,SearchMember,200,OK,2.4 1-20,text,true,,2476,0,143,143,19273,0,0
1530017977722,10873,SearchMember,200,OK,2.4 1-229,text,true,,2404,0,142,142,10873,0,0
1530017975988,12675,SearchMember,200,OK,2.4 1-172,text,true,,2532,0,141,141,12675,0,0
1530017976163,12567,SearchMember,200,OK,2.4 1-297,text,true,,2340,0,140,140,12567,0,0
1530017975519,13222,SearchMember,200,OK,2.4 1-5,text,true,,2510,0,139,139,13222,0,0
1530017972641,16106,SearchMember,200,OK,2.4 1-184,text,true,,2346,0,138,138,16106,0,0
1530017977222,11542,SearchMember,200,OK,2.4 1-179,text,true,,2588,0,137,137,11542,0,0
1530017974769,14001,SearchMember,200,OK,2.4 1-288,text,true,,2321,0,136,136,14001,0,0
1530017975988,12790,SearchMember,200,OK,2.4 1-251,text,true,,2560,0,135,135,12790,0,0
1530017974422,14417,SearchMember,200,OK,2.4 1-234,text,true,,2543,0,134,134,14417,0,0
1530017978801,10096,SearchMember,200,OK,2.4 1-12,text,true,,2316,0,133,133,10096,0,0
1530017975988,12919,SearchMember,200,OK,2.4 1-41,text,true,,2328,0,132,132,12919,0,0
1530017972829,16104,SearchMember,200,OK,2.4 1-73,text,true,,2508,0,131,131,16104,0,0
1530017972016,17017,SearchMember,200,OK,2.4 1-63,text,true,,2326,0,130,130,17017,0,0
1530017974738,14289,SearchMember,200,OK,2.4 1-75,text,true,,2545,0,130,130,14289,0,0
1530017976163,12884,SearchMember,200,OK,2.4 1-238,text,true,,2522,0,128,128,12884,0,0
1530017974754,14347,SearchMember,200,OK,2.4 1-201,text,true,,2546,0,127,127,14347,0,0
1530017974738,14379,SearchMember,200,OK,2.4 1-290,text,true,,2327,0,126,126,14379,0,0
1530017973251,15888,SearchMember,200,OK,2.4 1-66,text,true,,2312,0,125,125,15888,0,0
1530017979175,10464,SearchMember,200,OK,2.4 1-231,text,true,,2331,0,124,124,10464,0,0
1530017978020,11633,SearchMember,200,OK,2.4 1-188,text,true,,2553,0,123,123,11633,0,0
1530017971000,18732,SearchMember,200,OK,2.4 1-24,text,true,,2347,0,122,122,18732,0,0
1530017979926,9886,SearchMember,200,OK,2.4 1-109,text,true,,2559,0,121,121,9886,0,0
1530017977958,11861,SearchMember,200,OK,2.4 1-23,text,true,,2334,0,120,120,11861,0,0
1530017976817,13146,SearchMember,200,OK,2.4 1-85,text,true,,2342,0,119,119,13146,0,0
1530017973751,16258,SearchMember,200,OK,2.4 1-260,text,true,,2325,0,118,118,16258,0,0
1530017974879,15161,SearchMember,200,OK,2.4 1-202,text,true,,2482,0,117,117,15161,0,0
1530017978847,11208,SearchMember,200,OK,2.4 1-53,text,true,,2357,0,116,116,11208,0,0
1530017977691,12382,SearchMember,200,OK,2.4 1-213,text,true,,2580,0,115,115,12382,0,0
1530017980738,9350,SearchMember,200,OK,2.4 1-237,text,true,,2385,0,114,114,9350,0,0
1530017975848,14248,SearchMember,200,OK,2.4 1-145,text,true,,2577,0,113,113,14248,0,0
1530017975847,14255,SearchMember,200,OK,2.4 1-167,text,true,,2533,0,112,112,14255,0,0
1530017973236,16868,SearchMember,200,OK,2.4 1-25,text,true,,2575,0,111,111,16868,0,0
1530017973704,16436,SearchMember,200,OK,2.4 1-82,text,true,,2372,0,110,110,16436,0,0
1530017977504,12654,SearchMember,200,OK,2.4 1-227,text,true,,2324,0,109,109,12654,0,0
1530017974080,16084,SearchMember,200,OK,2.4 1-120,text,true,,2502,0,108,108,16084,0,0
1530017970985,19186,TrackingHistoryList,404,Not Found,2.4 1-293,text,false,Test failed: text expected to contain /enquiryId/,364,0,107,107,19186,0,0
1530017975020,15153,SearchMember,200,OK,2.4 1-81,text,true,,2547,0,107,107,15153,0,0
1530017970047,20127,SearchMember,200,OK,2.4 1-113,text,true,,2533,0,106,106,20127,0,0
1530017971980,18213,SearchMember,200,OK,2.4 1-136,text,true,,2596,0,105,105,18213,0,0
1530017977003,13254,SearchMember,200,OK,2.4 1-299,text,true,,2310,0,104,104,13254,0,0
1530017974832,15453,SearchMember,200,OK,2.4 1-208,text,true,,2310,0,103,103,15453,0,0
1530017974032,16261,SearchMember,200,OK,2.4 1-276,text,true,,2387,0,102,102,16261,0,0
1530017977004,13349,SearchMember,200,OK,2.4 1-114,text,true,,2336,0,101,101,13349,0,0
1530017975863,14513,SearchMember,200,OK,2.4 1-281,text,true,,2559,0,100,100,14513,0,0
1530017978050,12377,SearchMember,200,OK,2.4 1-187,text,true,,2548,0,99,99,12377,0,0
1530017973235,17203,SearchMember,200,OK,2.4 1-87,text,true,,2558,0,98,98,17203,0,0
1530017975848,14667,SearchMember,200,OK,2.4 1-21,text,true,,2558,0,97,97,14667,0,0
1530017973235,17293,SearchMember,200,OK,2.4 1-106,text,true,,2323,0,96,96,17293,0,0
1530017977942,12602,SearchMember,200,OK,2.4 1-123,text,true,,2509,0,95,95,12602,0,0
1530017976582,13964,SearchMember,200,OK,2.4 1-263,text,true,,2389,0,94,94,13964,0,0
1530017975863,14720,SearchMember,200,OK,2.4 1-51,text,true,,2501,0,93,93,14720,0,0
1530017976832,13790,SearchMember,200,OK,2.4 1-34,text,true,,2325,0,92,92,13790,0,0
1530017979798,10849,SearchMember,200,OK,2.4 1-219,text,true,,2509,0,91,91,10849,0,0
1530017975972,14688,SearchMember,200,OK,2.4 1-168,text,true,,2560,0,90,90,14688,0,0
1530017978175,12523,SearchMember,200,OK,2.4 1-197,text,true,,2305,0,89,89,12523,0,0
1530017988370,2378,SearchMember,200,OK,2.4 1-212,text,true,,2374,0,88,88,2378,0,0
1530017975050,15705,SearchMember,200,OK,2.4 1-140,text,true,,2557,0,87,87,15705,0,0
1530017974879,15883,SearchMember,200,OK,2.4 1-224,text,true,,2533,0,86,86,15883,0,0
1530017976785,13983,SearchMember,200,OK,2.4 1-171,text,true,,2359,0,85,85,13983,0,0
1530017976113,14655,SearchMember,200,OK,2.4 1-218,text,true,,2409,0,85,85,14655,0,0
1530017972048,18721,SearchMember,200,OK,2.4 1-267,text,true,,2351,0,83,83,18721,0,0
1530017979926,10846,SearchMember,200,OK,2.4 1-228,text,true,,2564,0,82,82,10846,0,0
1530017983019,7822,SearchMember,200,OK,2.4 1-294,text,true,,2481,0,81,81,7822,0,0
1530017983239,7604,SearchMember,200,OK,2.4 1-112,text,true,,2353,0,80,80,7604,0,0
1530017975973,14887,SearchMember,200,OK,2.4 1-76,text,true,,2358,0,79,79,14887,0,0
1530017974423,16440,SearchMember,200,OK,2.4 1-286,text,true,,2405,0,78,78,16440,0,0
1530017983004,7917,SearchMember,200,OK,2.4 1-69,text,true,,2351,0,77,77,7917,0,0
1530017979176,11745,SearchMember,200,OK,2.4 1-148,text,true,,2331,0,77,77,11745,0,0
1530017983394,7580,SearchMember,200,OK,2.4 1-204,text,true,,2278,0,75,75,7580,0,0
1530017981035,9960,SearchMember,200,OK,2.4 1-216,text,true,,2512,0,74,74,9960,0,0
1530017976817,14221,SearchMember,200,OK,2.4 1-157,text,true,,2341,0,73,73,14221,0,0
1530017973735,17330,SearchMember,200,OK,2.4 1-174,text,true,,2288,0,72,72,17330,0,0
1530017983425,7676,SearchMember,200,OK,2.4 1-203,text,true,,2540,0,71,71,7676,0,0
1530017978847,12261,SearchMember,200,OK,2.4 1-257,text,true,,2321,0,70,70,12261,0,0
1530017976925,14224,SearchMember,200,OK,2.4 1-191,text,true,,2383,0,69,69,14224,0,0
1530017984176,6993,SearchMember,200,OK,2.4 1-296,text,true,,2327,0,68,68,6993,0,0
1530017971548,19679,SearchMember,200,OK,2.4 1-239,text,true,,2321,0,67,67,19679,0,0
1530017972532,18754,SearchMember,200,OK,2.4 1-209,text,true,,2389,0,66,66,18754,0,0
1530017976676,14637,SearchMember,200,OK,2.4 1-198,text,true,,2297,0,65,65,14637,0,0
1530017974001,17376,SearchMember,200,OK,2.4 1-15,text,true,,2505,0,64,64,17376,0,0
1530017976832,14614,SearchMember,200,OK,2.4 1-60,text,true,,2581,0,63,63,14614,0,0
1530017981223,10247,SearchMember,200,OK,2.4 1-54,text,true,,2519,0,62,62,10247,0,0
1530017981848,9669,SearchMember,200,OK,2.4 1-192,text,true,,2308,0,61,61,9669,0,0
1530017978019,13551,SearchMember,200,OK,2.4 1-295,text,true,,2529,0,60,60,13551,0,0
1530017973783,17793,SearchMember,200,OK,2.4 1-83,text,true,,2373,0,59,59,17793,0,0
1530017975801,15783,SearchMember,200,OK,2.4 1-103,text,true,,2513,0,58,58,15783,0,0
1530017980738,10860,SearchMember,200,OK,2.4 1-155,text,true,,2490,0,57,57,10860,0,0
1530017981269,10376,SearchMember,200,OK,2.4 1-253,text,true,,2348,0,56,56,10376,0,0
1530017982347,9315,SearchMember,200,OK,2.4 1-2,text,true,,2334,0,55,55,9315,0,0
1530017974534,17145,SearchMember,200,OK,2.4 1-30,text,true,,2291,0,54,54,17145,0,0
1530017977691,14324,SearchMember,200,OK,2.4 1-170,text,true,,2539,0,53,53,14324,0,0
1530017980535,11489,SearchMember,200,OK,2.4 1-287,text,true,,2394,0,52,52,11489,0,0
1530017972532,19542,SearchMember,200,OK,2.4 1-291,text,true,,2356,0,51,51,19542,0,0
1530017976707,15391,SearchMember,200,OK,2.4 1-271,text,true,,2291,0,50,50,15391,0,0
1530017975520,16579,SearchMember,200,OK,2.4 1-246,text,true,,2490,0,49,49,16579,0,0
1530017981222,10898,SearchMember,200,OK,2.4 1-223,text,true,,2360,0,48,48,10898,0,0
1530017979691,12450,SearchMember,200,OK,2.4 1-289,text,true,,2538,0,47,47,12450,0,0
1530017984224,7917,SearchMember,200,OK,2.4 1-195,text,true,,2335,0,46,46,7917,0,0
1530017984223,7982,SearchMember,200,OK,2.4 1-225,text,true,,2785,0,45,45,7982,0,0
1530017980363,11912,SearchMember,200,OK,2.4 1-163,text,true,,2507,0,44,44,11912,0,0
1530017984902,7418,SearchMember,200,OK,2.4 1-215,text,true,,2313,0,43,43,7418,0,0
1530017978394,14021,SearchMember,200,OK,2.4 1-10,text,true,,2503,0,42,42,14021,0,0
1530017983019,9441,SearchMember,200,OK,2.4 1-6,text,true,,2345,0,41,41,9441,0,0
1530017975020,17469,SearchMember,200,OK,2.4 1-108,text,true,,2304,0,40,40,17469,0,0
1530017975879,16705,SearchMember,200,OK,2.4 1-176,text,true,,2543,0,39,39,16705,0,0
1530017974693,17959,SearchMember,200,OK,2.4 1-186,text,true,,2317,0,38,38,17959,0,0
1530017975270,17382,SearchMember,200,OK,2.4 1-265,text,true,,2316,0,38,38,17382,0,0
1530017980738,11978,SearchMember,200,OK,2.4 1-217,text,true,,2549,0,36,36,11978,0,0
1530017974692,18062,SearchMember,200,OK,2.4 1-134,text,true,,2542,0,35,35,18062,0,0
1530017984917,7848,SearchMember,200,OK,2.4 1-226,text,true,,2383,0,34,34,7848,0,0
1530017972219,20561,SearchMember,200,OK,2.4 1-153,text,true,,2572,0,33,33,20561,0,0
1530017975849,16945,SearchMember,200,OK,2.4 1-280,text,true,,2327,0,32,32,16945,0,0
1530017970000,22796,TrackingHistoryList,200,OK,2.4 1-19,text,true,,1042,0,31,31,22796,0,0
1530017972251,20565,SearchMember,200,OK,2.4 1-150,text,true,,2508,0,31,31,20565,0,0
1530017975316,17527,SearchMember,200,OK,2.4 1-39,text,true,,2312,0,30,30,17527,0,0
1530017973766,19174,SearchMember,200,OK,2.4 1-221,text,true,,2297,0,29,29,19174,0,0
1530017973783,19158,SearchMember,200,OK,2.4 1-283,text,true,,2337,0,28,28,19158,0,0
1530017976144,16803,SearchMember,200,OK,2.4 1-101,text,true,,2538,0,27,27,16803,0,0
1530017973955,19003,SearchMember,200,OK,2.4 1-71,text,true,,2316,0,26,26,19003,0,0
1530017976144,16822,SearchMember,200,OK,2.4 1-207,text,true,,2533,0,25,25,16822,0,0
1530017976816,16234,SearchMember,200,OK,2.4 1-130,text,true,,2301,0,24,24,16234,0,0
1530017971548,21516,SearchMember,200,OK,2.4 1-210,text,true,,2481,0,23,23,21516,0,0
1530017976910,16170,SearchMember,200,OK,2.4 1-274,text,true,,2345,0,22,22,16170,0,0
1530017985589,7619,SearchMember,200,OK,2.4 1-169,text,true,,2528,0,21,21,7619,0,0
1530017977629,15697,SearchMember,200,OK,2.4 1-33,text,true,,2366,0,20,20,15697,0,0
1530017974079,19248,SearchMember,200,OK,2.4 1-100,text,true,,2333,0,19,19,19248,0,0
1530017973782,19546,SearchMember,200,OK,2.4 1-59,text,true,,2310,0,18,18,19546,0,0
1530017972516,20834,SearchMember,200,OK,2.4 1-131,text,true,,2278,0,17,17,20834,0,0
1530017974769,18622,SearchMember,200,OK,2.4 1-273,text,true,,2290,0,16,16,18622,0,0
1530017976535,16868,SearchMember,200,OK,2.4 1-235,text,true,,2534,0,15,15,16868,0,0
1530017978269,15178,SearchMember,200,OK,2.4 1-132,text,true,,2485,0,14,14,15178,0,0
1530017976816,16637,SearchMember,200,OK,2.4 1-115,text,true,,2339,0,13,13,16637,0,0
1530017977629,15856,SearchMember,200,OK,2.4 1-214,text,true,,2480,0,12,12,15856,0,0
1530017977630,15925,SearchMember,200,OK,2.4 1-91,text,true,,2380,0,11,11,15925,0,0
1530017978269,15295,SearchMember,200,OK,2.4 1-292,text,true,,2350,0,10,10,15295,0,0
1530017984129,9449,SearchMember,200,OK,2.4 1-247,text,true,,2514,0,9,9,9449,0,0
1530017980441,13171,SearchMember,200,OK,2.4 1-242,text,true,,2509,0,8,8,13171,0,0
1530017982519,11140,SearchMember,200,OK,2.4 1-147,text,true,,2318,0,7,7,11140,0,0
1530017980286,13370,SearchMember,200,OK,2.4 1-249,text,true,,2476,0,7,7,13370,0,0
1530017979988,13736,SearchMember,200,OK,2.4 1-44,text,true,,2486,0,5,5,13736,0,0
1530017984901,8885,SearchMember,200,OK,2.4 1-252,text,true,,2309,0,4,4,8885,0,0
1530017993167,693,SearchMember,200,OK,2.4 1-293,text,true,,2388,0,3,3,693,0,0
1530017985995,8805,SearchMember,200,OK,2.4 1-300,text,true,,2290,0,2,2,8805,0,0
1530017995807,2248,SearchMember,200,OK,2.4 1-19,text,true,,2281,0,1,1,2248,0,0
